record_id,name,smiles,split,spectrum,electron_energy_ev,source,is_swgdrug
3121,MAPA,COC(=O)C(C(C)=O)c1ccccc1,train,37:0.00200200197;38:0.00900900923;39:0.0460460447;40:0.00700700702;41:0.00500500482;42:0.00500500482;43:0.483483493;44:0.0130130127;45:0.00400400395;49:0.00100100099;50:0.0170170162;51:0.0520520508;52:0.0100100096;53:0.00800800789;54:0.00100100099;55:0.0190190189;59:0.0120120123;60:0.00100100099;61:0.00500500482;62:0.025025025;63:0.0810810775;64:0.025025025;65:0.033033032;66:0.00400400395;67:0.00100100099;69:0.00100100099;73:0.00100100099;74:0.00600600615;75:0.00900900923;76:0.00600600615;77:0.155155152;78:0.0380380377;79:0.117117114;80:0.00800800789;85:0.00200200197;86:0.00500500482;87:0.00600600615;88:0.00400400395;89:0.181181177;90:0.360360354;91:0.205205202;92:0.0170170162;93:0.00400400395;101:0.00100100099;102:0.00700700702;103:0.0360360369;104:0.0120120123;105:0.0830830857;106:0.0100100096;107:0.0760760754;108:0.00600600615;113:0.00100100099;114:0.00100100099;115:0.0160160158;116:0.00300300308;117:0.00700700702;118:1;119:0.0900900885;120:0.00600600615;121:0.0610610619;122:0.00500500482;131:0.00600600615;132:0.00200200197;133:0.109109111;134:0.0120120123;135:0.0510510504;136:0.00500500482;137:0.00100100099;145:0.00700700702;146:0.00100100099;149:0.00800800789;150:0.809809804;151:0.0810810775;152:0.00700700702;153:0.00100100099;159:0.00200200197;160:0.143143147;161:0.0270270277;162:0.00300300308;163:0.00100100099;176:0.00100100099;177:0.00100100099;192:0.0400400385;193:0.00600600615,,New_NPS_example,false
3123,MDMB-4en-PICA,C=CCCCn1cc(C(=O)NC(C(=O)OC)C(C)(C)C)c2ccccc21,train,39:0.0120120123;40:0.00100100099;41:0.14914915;42:0.00800800789;43:0.00400400395;44:0.00100100099;45:0.00100100099;50:0.00100100099;51:0.00200200197;52:0.00100100099;53:0.00500500482;54:0.00100100099;55:0.00600600615;56:0.00200200197;57:0.025025025;58:0.00100100099;59:0.00400400395;62:0.00100100099;63:0.00300300308;64:0.00100100099;65:0.00300300308;67:0.00900900923;68:0.00100100099;69:0.0360360369;70:0.00300300308;73:0.00300300308;74:0.00100100099;75:0.00300300308;76:0.00400400395;77:0.00700700702;78:0.00300300308;79:0.00100100099;82:0.00100100099;83:0.00200200197;84:0.00100100099;86:0.00100100099;87:0.00100100099;88:0.00600600615;89:0.0210210215;90:0.00300300308;91:0.00100100099;101:0.00800800789;102:0.0230230223;103:0.0120120123;104:0.00200200197;106:0.00100100099;112:0.00100100099;113:0.00200200197;114:0.00800800789;115:0.0360360369;116:0.0650650635;117:0.00900900923;118:0.00200200197;119:0.00100100099;122:0.00300300308;127:0.00300300308;128:0.0260260254;129:0.05005005;130:0.0560560562;131:0.0120120123;132:0.00200200197;140:0.00200200197;141:0.00200200197;142:0.00600600615;143:0.0460460447;144:0.194194198;145:0.0220220219;146:0.00200200197;152:0.00100100099;153:0.00100100099;154:0.00900900923;155:0.00700700702;156:0.014014014;157:0.025025025;158:0.0630630627;159:0.00800800789;160:0.00100100099;167:0.00500500482;168:0.00800800789;169:0.00500500482;170:0.0590590574;171:0.014014014;172:0.00200200197;173:0.00300300308;174:0.00100100099;180:0.00200200197;181:0.00100100099;182:0.0100100096;183:0.011011011;184:0.0380380377;185:0.0240240246;186:0.00600600615;187:0.00100100099;188:0.00100100099;195:0.00100100099;196:0.00200200197;197:0.0100100096;198:0.00700700702;199:0.00300300308;200:0.00100100099;209:0.00100100099;210:0.014014014;211:0.0220220219;212:1;213:0.1991992;214:0.0230230223;215:0.00200200197;217:0.00100100099;223:0.00500500482;224:0.00100100099;225:0.00800800789;226:0.00200200197;227:0.00200200197;228:0.00100100099;239:0.0160160158;240:0.0220220219;241:0.00700700702;242:0.00100100099;243:0.00100100099;245:0.0640640631;246:0.011011011;247:0.00100100099;253:0.00100100099;256:0.00100100099;258:0.00400400395;259:0.00100100099;267:0.011011011;268:0.0660660639;269:0.0130130127;270:0.00100100099;281:0.00100100099;282:0.0130130127;283:0.00300300308;285:0.00200200197;297:0.014014014;298:0.00300300308;299:0.0120120123;300:0.204204202;301:0.0460460447;302:0.00600600615;303:0.00100100099;309:0.0120120123;310:0.00300300308;324:0.00400400395;325:0.00600600615;326:0.00100100099;327:0.00100100099;339:0.00800800789;340:0.00200200197;341:0.00300300308;342:0.00100100099;355:0.0100100096;356:0.181181177;357:0.0450450443;358:0.00700700702;359:0.00100100099,,New_NPS_example,false
3132,Etonitazepyne,CCOc1ccc(Cc2nc3cc([N+](=O)[O-])ccc3n2CCN2CCCC2)cc1,test,39:0.00100100099;41:0.00400400395;42:0.0380380377;43:0.00200200197;50:0.00100100099;51:0.00100100099;52:0.00100100099;53:0.00100100099;54:0.00200200197;55:0.0260260254;56:0.0120120123;57:0.00200200197;63:0.00100100099;64:0.00100100099;65:0.00100100099;67:0.00200200197;68:0.00200200197;69:0.00500500482;70:0.00200200197;75:0.00100100099;76:0.00300300308;77:0.00800800789;78:0.00300300308;79:0.00200200197;80:0.00100100099;81:0.00100100099;82:0.0170170162;83:0.00400400395;84:1;85:0.058058057;86:0.00100100099;89:0.00300300308;90:0.00300300308;91:0.00100100099;93:0.00100100099;94:0.00100100099;95:0.00100100099;96:0.0100100096;97:0.00400400395;98:0.00300300308;102:0.00100100099;103:0.00100100099;104:0.00100100099;105:0.00100100099;106:0.00100100099;107:0.0460460447;108:0.00400400395;115:0.00100100099;116:0.00100100099;117:0.00100100099;118:0.00100100099;128:0.00100100099;129:0.00100100099;130:0.00100100099;131:0.00100100099;132:0.00100100099;133:0.00100100099;135:0.0120120123;136:0.00100100099;139:0.00100100099;144:0.00100100099;156:0.00100100099;160:0.00100100099;192:0.00100100099;193:0.00100100099;205:0.00100100099;206:0.00100100099;218:0.00100100099;219:0.00100100099;220:0.00100100099;221:0.00100100099;222:0.00100100099;234:0.00200200197;235:0.00100100099;236:0.00200200197;248:0.00100100099;250:0.00100100099;257:0.00100100099;264:0.00100100099;278:0.00100100099;280:0.00100100099;364:0.00100100099;392:0.00100100099;393:0.00100100099;394:0.00400400395;395:0.00100100099,,New_NPS_example,false
3136,MDA-19,CCCCCCn1c(O)c(N=NC(=O)c2ccccc2)c2ccccc21,train,37:0.00100100099;38:0.00200200197;39:0.0160160158;40:0.00200200197;41:0.0710710734;42:0.00500500482;43:0.0880880877;49:0.00100100099;50:0.0160160158;51:0.0670670643;52:0.00800800789;53:0.00500500482;54:0.00100100099;55:0.140140146;56:0.00800800789;57:0.00600600615;62:0.00300300308;63:0.0120120123;64:0.00500500482;65:0.0120120123;66:0.00200200197;67:0.00300300308;68:0.00100100099;69:0.00400400395;70:0.00100100099;71:0.00200200197;74:0.00300300308;75:0.0100100096;76:0.0380380377;77:0.535535514;78:0.05005005;79:0.00700700702;80:0.00100100099;81:0.00500500482;82:0.00100100099;83:0.033033032;84:0.00200200197;85:0.00100100099;88:0.00200200197;89:0.0460460447;90:0.0490490496;91:0.0620620623;92:0.00900900923;93:0.00300300308;94:0.00100100099;95:0.00200200197;99:0.00400400395;100:0.00100100099;101:0.00300300308;102:0.0180180185;103:0.0480480492;104:0.0720720738;105:0.909909904;106:0.0890890881;107:0.00600600615;108:0.00100100099;109:0.00100100099;110:0.011011011;111:0.00100100099;114:0.00100100099;115:0.00600600615;116:0.0310310312;117:0.0830830857;118:0.452452451;119:0.0440440439;120:0.0100100096;121:0.00800800789;122:0.00200200197;127:0.00200200197;128:0.0210210215;129:0.0150150154;130:0.0460460447;131:0.0610610619;132:0.167167172;133:0.0280280281;134:0.116116114;135:0.0120120123;136:0.00100100099;140:0.00100100099;141:0.00100100099;142:0.00300300308;143:0.00800800789;144:0.0510510504;145:0.0560560562;146:0.502502501;147:0.0770770758;148:0.0320320316;149:0.00300300308;151:0.00100100099;152:0.00300300308;153:0.00100100099;154:0.00200200197;155:0.00200200197;156:0.00900900923;157:0.00600600615;158:0.00800800789;159:0.0380380377;160:0.0530530512;161:0.00700700702;162:0.00100100099;165:0.00300300308;166:0.00100100099;167:0.00200200197;168:0.00200200197;169:0.00400400395;170:0.0130130127;171:0.0100100096;172:0.0120120123;173:0.0260260254;174:0.0120120123;175:0.00200200197;178:0.00100100099;180:0.00400400395;181:0.00200200197;182:0.00100100099;183:0.00300300308;184:0.00300300308;185:0.00100100099;186:0.00700700702;187:0.00800800789;188:0.0270270277;189:0.00400400395;190:0.00100100099;194:0.00300300308;196:0.00100100099;197:0.00100100099;198:0.0470470488;199:0.00900900923;200:0.00200200197;201:0.00500500482;202:0.00100100099;204:0.00100100099;206:0.00100100099;212:0.00100100099;214:0.00100100099;215:0.00200200197;216:0.0160160158;217:0.00300300308;218:0.00100100099;219:0.00100100099;220:0.00200200197;221:0.00100100099;222:0.00200200197;226:0.00200200197;228:0.00100100099;229:0.00300300308;230:0.00900900923;231:0.00200200197;232:0.00100100099;233:0.00100100099;234:0.00100100099;236:0.00100100099;237:0.00100100099;242:0.00100100099;243:0.0230230223;244:1;245:0.161161155;246:0.0160160158;247:0.00300300308;248:0.00100100099;250:0.0190190189;251:0.00500500482;260:0.00100100099;261:0.00300300308;262:0.00100100099;264:0.00100100099;274:0.00400400395;275:0.00100100099;278:0.00400400395;279:0.00100100099;288:0.00100100099;292:0.00100100099;302:0.00100100099;303:0.00100100099;304:0.00100100099;320:0.00100100099;321:0.014014014;322:0.00300300308;348:0.00100100099;349:0.166166171;350:0.0410410427;351:0.00600600615;352:0.00100100099,,New_NPS_example,false
3140,PTI-3,COCCN(C)Cc1csc(-c2cn(CCCCCF)c3ccccc23)n1,train,39:0.00600600615;40:0.00100100099;41:0.0470470488;42:0.0230230223;43:0.025025025;44:0.0150150154;45:0.0570570566;46:0.00100100099;47:0.011011011;51:0.00100100099;52:0.00100100099;53:0.00200200197;54:0.00100100099;55:0.00300300308;56:0.00900900923;57:0.00300300308;58:0.00700700702;59:0.0230230223;60:0.00100100099;61:0.00300300308;63:0.00100100099;65:0.00100100099;66:0.00200200197;67:0.00400400395;68:0.00300300308;69:0.0150150154;70:0.00500500482;71:0.112112112;72:0.0150150154;73:0.00700700702;74:0.00100100099;75:0.00200200197;76:0.00100100099;77:0.00600600615;78:0.00100100099;80:0.00100100099;81:0.00100100099;82:0.00200200197;83:0.00100100099;84:0.00100100099;85:0.00300300308;86:0.00200200197;87:0.00200200197;88:0.00900900923;89:0.00500500482;90:0.00100100099;91:0.00100100099;93:0.00100100099;94:0.00400400395;95:0.00100100099;96:0.00100100099;97:0.00100100099;98:0.00200200197;99:0.00200200197;100:0.00400400395;101:0.0120120123;102:0.014014014;103:0.00200200197;104:0.00100100099;106:0.00300300308;112:0.00200200197;113:0.0800800771;114:0.0180180185;115:0.0190190189;116:0.0210210215;117:0.00400400395;118:0.00100100099;119:0.00100100099;120:0.00200200197;121:0.00100100099;125:0.00100100099;126:0.00900900923;127:0.0150150154;128:0.033033032;129:0.0130130127;130:0.011011011;131:0.00200200197;133:0.00100100099;134:0.00200200197;135:0.179179177;136:0.00100100099;139:0.00100100099;140:0.00500500482;141:0.00900900923;142:0.0430430435;143:0.05005005;144:0.00600600615;145:0.00100100099;146:0.00100100099;148:0.00400400395;149:0.00100100099;151:0.00100100099;152:0.00100100099;153:0.00400400395;154:0.00900900923;155:0.257257253;156:0.0710710734;157:0.0120120123;158:0.00200200197;159:0.00200200197;160:0.00600600615;161:0.00100100099;162:0.00200200197;166:0.00100100099;167:0.00400400395;168:0.00900900923;169:0.014014014;170:0.00500500482;171:0.00200200197;172:0.0460460447;173:0.00800800789;174:0.00200200197;179:0.0100100096;180:0.00600600615;181:0.00600600615;182:0.00400400395;183:0.00800800789;184:0.00500500482;185:0.00400400395;186:0.0150150154;187:0.00400400395;188:0.00100100099;192:0.00200200197;193:0.0100100096;194:0.00600600615;195:0.00300300308;196:0.00100100099;197:0.00300300308;198:0.00500500482;199:0.00200200197;200:0.00200200197;201:0.00100100099;202:0.00200200197;203:0.00100100099;204:0.00100100099;205:0.00100100099;206:0.00100100099;207:0.00100100099;208:0.00100100099;209:0.00100100099;210:0.00100100099;211:0.0100100096;212:0.0270270277;213:0.0380380377;214:0.011011011;215:0.00400400395;216:0.00100100099;219:0.00100100099;220:0.00100100099;221:0.00100100099;222:0.00100100099;223:0.00100100099;224:0.00100100099;225:0.00700700702;226:0.0200200193;227:0.025025025;228:0.00800800789;229:0.00400400395;230:0.0290290285;231:0.0470470488;232:0.00700700702;233:0.00100100099;235:0.00100100099;236:0.00100100099;237:0.00100100099;238:0.00100100099;239:0.00700700702;240:0.00400400395;241:0.00700700702;242:0.00300300308;243:0.00200200197;245:0.00100100099;248:0.00700700702;249:0.00100100099;250:0.00100100099;251:0.00100100099;252:0.00100100099;253:0.00400400395;254:0.00400400395;255:0.00400400395;256:0.00100100099;257:0.00400400395;258:0.00100100099;261:0.00400400395;262:0.00100100099;265:0.00100100099;266:0.00100100099;267:0.00800800789;268:0.00800800789;269:0.00300300308;274:0.00200200197;279:0.00400400395;280:0.00100100099;281:0.0100100096;282:0.00700700702;283:0.00400400395;284:0.00100100099;295:0.00100100099;296:0.00100100099;297:0.00100100099;299:0.00800800789;300:0.0100100096;301:1;302:0.295295298;303:0.0840840861;304:0.0170170162;305:0.00200200197;310:0.00100100099;314:0.011011011;315:0.0610610619;316:0.167167172;317:0.0370370373;318:0.011011011;319:0.00200200197;324:0.0340340324;325:0.00800800789;326:0.00200200197;327:0.00100100099;328:0.00300300308;329:0.00400400395;330:0.00600600615;331:0.00200200197;337:0.00200200197;342:0.00700700702;343:0.00200200197;344:0.0920920894;345:0.0200200193;346:0.00600600615;347:0.00100100099;356:0.00500500482;357:0.32632634;358:0.0820820853;359:0.025025025;360:0.00400400395;388:0.00100100099,,New_NPS_example,false
3143,Dehydronandrolone acetate,CC(=O)OC1CCC2C3C=CC4=CC(=O)CCC4C3CCC12C,val,38:0.00100100099;39:0.0370370373;40:0.00600600615;41:0.103103101;42:0.0210210215;43:1;44:0.0280280281;45:0.00600600615;50:0.00200200197;51:0.014014014;52:0.00700700702;53:0.0410410427;54:0.00600600615;55:0.104104102;56:0.00600600615;57:0.0180180185;58:0.00200200197;59:0.00100100099;61:0.00300300308;62:0.00100100099;63:0.00800800789;64:0.00400400395;65:0.0430430435;66:0.011011011;67:0.0590590574;68:0.00700700702;69:0.0160160158;70:0.00300300308;71:0.00600600615;75:0.00200200197;76:0.00400400395;77:0.0940940976;78:0.0380380377;79:0.120120123;80:0.0200200193;81:0.0530530512;82:0.00800800789;83:0.014014014;84:0.00300300308;85:0.00200200197;86:0.00100100099;87:0.00100100099;88:0.00100100099;89:0.0180180185;90:0.0430430435;91:0.242242247;92:0.0280280281;93:0.070070073;94:0.0340340324;95:0.0430430435;96:0.00500500482;97:0.0160160158;98:0.00200200197;99:0.00100100099;101:0.00200200197;102:0.011011011;103:0.0470470488;104:0.0440440439;105:0.136136129;106:0.0310310312;107:0.0860860869;108:0.0220220219;109:0.0220220219;110:0.0170170162;111:0.00700700702;112:0.00100100099;113:0.00100100099;114:0.00200200197;115:0.122122124;116:0.0450450443;117:0.118118115;118:0.0600600615;119:0.0320320316;120:0.0100100096;121:0.0130130127;122:0.265265256;123:0.0340340324;124:0.00700700702;125:0.00100100099;126:0.00200200197;127:0.0270270277;128:0.0890890881;129:0.13713713;130:0.0620620623;131:0.104104102;132:0.0430430435;133:0.686686695;134:0.0820820853;135:0.0120120123;136:0.00200200197;137:0.00100100099;139:0.00400400395;140:0.00200200197;141:0.0560560562;142:0.0290290285;143:0.0440440439;144:0.05005005;145:0.0540540554;146:0.0420420431;147:0.0800800771;148:0.0270270277;149:0.0160160158;150:0.011011011;151:0.1011011;152:0.0210210215;153:0.0200200193;154:0.0130130127;155:0.0350350365;156:0.0160160158;157:0.0390390381;158:0.0940940976;159:0.0550550558;160:0.0540540554;161:0.0280280281;162:0.0200200193;163:0.00600600615;164:0.00300300308;165:0.011011011;166:0.00600600615;167:0.0130130127;168:0.00700700702;169:0.0230230223;170:0.0130130127;171:0.0190190189;172:0.0160160158;173:0.0120120123;174:0.0160160158;175:0.00700700702;176:0.00200200197;177:0.00100100099;178:0.00300300308;179:0.00700700702;180:0.00300300308;181:0.011011011;182:0.00600600615;183:0.0230230223;184:0.014014014;185:0.014014014;186:0.00700700702;187:0.00600600615;188:0.00200200197;189:0.00100100099;190:0.00100100099;191:0.00100100099;192:0.00100100099;193:0.0120120123;194:0.00600600615;195:0.00900900923;196:0.00500500482;197:0.0220220219;198:0.0160160158;199:0.0180180185;200:0.0120120123;201:0.00600600615;202:0.00200200197;205:0.00100100099;207:0.00300300308;208:0.00300300308;209:0.00400400395;210:0.00600600615;211:0.0180180185;212:0.0340340324;213:0.0170170162;214:0.00400400395;215:0.00600600615;216:0.00200200197;221:0.00900900923;222:0.00200200197;223:0.00100100099;224:0.00100100099;225:0.00900900923;226:0.0240240246;227:0.00600600615;228:0.00300300308;229:0.00100100099;235:0.00200200197;236:0.00600600615;237:0.00300300308;238:0.00100100099;239:0.0560560562;240:0.011011011;241:0.00100100099;243:0.00100100099;244:0.00500500482;245:0.00100100099;253:0.00400400395;254:0.114114113;255:0.0240240246;256:0.00300300308;257:0.00600600615;258:0.00100100099;271:0.00200200197;272:0.115115114;273:0.0210210215;274:0.00200200197;286:0.00100100099;314:0.0510510504;315:0.0120120123;316:0.00200200197,,New_NPS_example,false
3144,5F-BZO-POXIZID,O=C(N=Nc1c(O)n(CCCCCF)c2ccccc12)c1ccccc1,train,37:0.00100100099;38:0.00200200197;39:0.0160160158;40:0.00200200197;41:0.058058057;42:0.00400400395;43:0.0190190189;47:0.0170170162;49:0.00100100099;50:0.0170170162;51:0.0820820853;52:0.00800800789;53:0.00600600615;54:0.00100100099;55:0.0310310312;56:0.00200200197;57:0.00100100099;59:0.00900900923;60:0.00100100099;61:0.00300300308;62:0.00400400395;63:0.0150150154;64:0.00600600615;65:0.0150150154;66:0.00200200197;67:0.0150150154;68:0.00100100099;69:0.0100100096;70:0.00100100099;74:0.00300300308;75:0.0120120123;76:0.0400400385;77:0.606606603;78:0.0490490496;79:0.00600600615;80:0.00100100099;83:0.00100100099;87:0.00400400395;88:0.00300300308;89:0.0570570566;90:0.058058057;91:0.0620620623;92:0.00800800789;93:0.00100100099;94:0.00500500482;100:0.00100100099;101:0.00400400395;102:0.0210210215;103:0.0440440439;104:0.0880880877;105:1;106:0.0840840861;107:0.00600600615;109:0.00100100099;114:0.00200200197;115:0.00700700702;116:0.0410410427;117:0.105105102;118:0.13713713;119:0.014014014;120:0.00300300308;121:0.00600600615;122:0.00300300308;127:0.00200200197;128:0.0310310312;129:0.0180180185;130:0.0830830857;131:0.0620620623;132:0.220220223;133:0.0260260254;134:0.0260260254;135:0.00100100099;136:0.014014014;137:0.00100100099;140:0.00100100099;141:0.00100100099;142:0.00300300308;143:0.011011011;144:0.070070073;145:0.0490490496;146:0.419419408;147:0.0610610619;148:0.00500500482;150:0.00100100099;151:0.00100100099;152:0.00300300308;153:0.00200200197;154:0.00400400395;155:0.00300300308;156:0.00600600615;157:0.011011011;158:0.112112112;159:0.0610610619;160:0.0200200193;161:0.00200200197;162:0.00100100099;164:0.00900900923;165:0.00600600615;166:0.00200200197;167:0.00600600615;168:0.00300300308;169:0.00200200197;170:0.0120120123;171:0.0130130127;172:0.13713713;173:0.0400400385;174:0.00700700702;175:0.00100100099;176:0.00100100099;178:0.00100100099;180:0.00500500482;181:0.00200200197;182:0.0160160158;183:0.00400400395;184:0.00300300308;185:0.00900900923;186:0.00300300308;187:0.00200200197;188:0.00100100099;190:0.00200200197;192:0.0170170162;193:0.00300300308;194:0.00300300308;198:0.00200200197;199:0.00100100099;200:0.0560560562;201:0.00900900923;202:0.00400400395;203:0.00100100099;204:0.00200200197;205:0.00300300308;206:0.00200200197;218:0.00100100099;219:0.00500500482;220:0.095095098;221:0.0150150154;222:0.00300300308;228:0.00200200197;230:0.00100100099;232:0.00100100099;233:0.00200200197;234:0.00900900923;235:0.00200200197;236:0.00100100099;237:0.00100100099;246:0.00100100099;247:0.0100100096;248:0.908908904;249:0.141141146;250:0.0290290285;251:0.00500500482;258:0.00100100099;260:0.00100100099;261:0.00100100099;264:0.00100100099;274:0.00200200197;278:0.00400400395;279:0.00100100099;286:0.00100100099;308:0.00100100099;324:0.00100100099;325:0.011011011;326:0.00200200197;352:0.00100100099;353:0.110110112;354:0.0290290285;355:0.00400400395,,New_NPS_example,false
3150,Protonitazepyne,CCCOc1ccc(Cc2nc3cc([N+](=O)[O-])ccc3n2CCN2CCCC2)cc1,train,39:0.00200200197;41:0.00800800789;42:0.0370370373;43:0.00600600615;44:0.00100100099;50:0.00100100099;51:0.00100100099;52:0.00100100099;53:0.00100100099;54:0.00200200197;55:0.0240240246;56:0.0120120123;57:0.00200200197;63:0.00100100099;64:0.00100100099;65:0.00100100099;67:0.00200200197;68:0.00200200197;69:0.00600600615;70:0.00200200197;75:0.00100100099;76:0.00200200197;77:0.00600600615;78:0.00300300308;79:0.00200200197;80:0.00100100099;81:0.00100100099;82:0.0190190189;83:0.00400400395;84:1;85:0.058058057;86:0.00200200197;89:0.00300300308;90:0.00300300308;91:0.00200200197;92:0.00100100099;93:0.00100100099;94:0.00200200197;95:0.00100100099;96:0.0120120123;97:0.00500500482;98:0.00300300308;102:0.00100100099;103:0.00100100099;104:0.00100100099;105:0.00100100099;106:0.00100100099;107:0.0480480492;108:0.00400400395;115:0.00100100099;116:0.00100100099;117:0.00100100099;118:0.00100100099;119:0.00100100099;120:0.00100100099;121:0.00100100099;128:0.00100100099;129:0.00100100099;130:0.00100100099;131:0.00100100099;132:0.00100100099;133:0.00100100099;135:0.00100100099;139:0.00100100099;142:0.00100100099;143:0.00100100099;144:0.00100100099;145:0.00100100099;149:0.00300300308;155:0.00100100099;156:0.00100100099;160:0.00100100099;192:0.00100100099;193:0.00100100099;205:0.00100100099;206:0.00100100099;207:0.00100100099;218:0.00100100099;219:0.00100100099;220:0.00100100099;221:0.00100100099;222:0.00200200197;223:0.00100100099;231:0.00100100099;234:0.00200200197;235:0.00200200197;236:0.00300300308;237:0.00100100099;248:0.00100100099;249:0.00100100099;250:0.00100100099;252:0.00100100099;257:0.00100100099;259:0.00100100099;280:0.00100100099;281:0.00100100099;282:0.00100100099;294:0.00100100099;378:0.00100100099;406:0.00100100099;407:0.00100100099;408:0.00400400395;409:0.00100100099,,New_NPS_example,false
3152,2-FEA,CCNC(C)Cc1ccccc1F,train,38:0.00100100099;39:0.0160160158;40:0.00200200197;41:0.0160160158;42:0.0490490496;43:0.0100100096;44:0.359359354;45:0.00900900923;50:0.00300300308;51:0.00700700702;52:0.00100100099;54:0.00200200197;55:0.00100100099;56:0.0320320316;57:0.0170170162;58:0.00200200197;59:0.00500500482;61:0.00100100099;62:0.00300300308;63:0.011011011;64:0.00100100099;65:0.00400400395;67:0.00100100099;68:0.00300300308;69:0.00200200197;70:0.0410410427;71:0.00700700702;72:1;73:0.0470470488;74:0.00300300308;75:0.00800800789;76:0.00200200197;77:0.00500500482;78:0.00100100099;81:0.00300300308;82:0.00100100099;83:0.0470470488;84:0.00300300308;86:0.00100100099;87:0.00100100099;89:0.00900900923;90:0.00200200197;91:0.0100100096;92:0.00100100099;94:0.00100100099;95:0.00200200197;96:0.00600600615;97:0.00100100099;100:0.00100100099;101:0.00800800789;102:0.00200200197;103:0.00300300308;104:0.00100100099;105:0.00100100099;107:0.0100100096;108:0.00300300308;109:0.116116114;110:0.0120120123;111:0.00100100099;115:0.0130130127;116:0.00300300308;117:0.00700700702;118:0.011011011;119:0.00100100099;120:0.00100100099;121:0.00400400395;122:0.00400400395;123:0.00300300308;130:0.00100100099;131:0.00100100099;132:0.00100100099;133:0.00700700702;134:0.00200200197;135:0.011011011;136:0.00500500482;137:0.00800800789;138:0.00400400395;144:0.00100100099;146:0.00100100099;148:0.00200200197;150:0.00100100099;152:0.00200200197;164:0.00100100099;166:0.0150150154;167:0.00200200197;180:0.00400400395,,New_NPS_example,false
3154,Isopropyl-U-47700,CC(C)N(C(=O)c1ccc(Cl)c(Cl)c1)C1CCCCC1N(C)C,train,36:0.00100100099;37:0.00100100099;38:0.00300300308;39:0.0210210215;40:0.00400400395;41:0.070070073;42:0.145145148;43:0.0890890881;44:0.0770770758;45:0.0310310312;46:0.0410410427;47:0.00100100099;50:0.00300300308;51:0.00300300308;52:0.00200200197;53:0.014014014;54:0.0170170162;55:0.0370370373;56:0.0880880877;57:0.014014014;58:0.302302301;59:0.011011011;60:0.00100100099;63:0.00100100099;65:0.00400400395;66:0.00300300308;67:0.0210210215;68:0.0380380377;69:0.0160160158;70:0.106106102;71:0.183183178;72:0.0450450443;73:0.00400400395;74:0.0100100096;75:0.0230230223;76:0.00200200197;77:0.0100100096;78:0.00200200197;79:0.070070073;80:0.011011011;81:0.0480480492;82:0.0780780762;83:0.0260260254;84:1;85:0.104104102;86:0.00900900923;87:0.00100100099;89:0.00100100099;91:0.00200200197;93:0.00400400395;94:0.0170170162;95:0.0100100096;96:0.058058057;97:0.0540540554;98:0.0600600615;99:0.00800800789;100:0.00200200197;102:0.00100100099;103:0.00200200197;104:0.00100100099;106:0.00100100099;107:0.00100100099;108:0.00800800789;109:0.0440440439;110:0.075075075;111:0.0290290285;112:0.109109111;113:0.011011011;114:0.00200200197;115:0.00100100099;116:0.00100100099;120:0.00100100099;121:0.00100100099;122:0.00800800789;123:0.00400400395;124:0.306306303;125:0.373373359;126:0.091091089;127:0.0200200193;128:0.00200200197;136:0.00200200197;137:0.00200200197;138:0.174174175;139:0.0290290285;140:0.00900900923;141:0.0100100096;142:0.00200200197;144:0.00100100099;145:0.091091089;146:0.00800800789;147:0.058058057;148:0.00400400395;149:0.00900900923;150:0.00100100099;151:0.00100100099;152:0.00400400395;153:0.00100100099;157:0.00100100099;159:0.00200200197;161:0.00100100099;166:0.00100100099;167:0.00300300308;168:0.00100100099;169:0.00900900923;170:0.00100100099;171:0.00100100099;172:0.00300300308;173:0.102102101;174:0.0100100096;175:0.0660660639;176:0.00500500482;177:0.011011011;178:0.00100100099;181:0.00300300308;182:0.00100100099;183:0.0810810775;184:0.011011011;190:0.00100100099;192:0.00100100099;202:0.00100100099;216:0.00100100099;228:0.00200200197;230:0.00300300308;231:0.00300300308;232:0.00200200197;233:0.00200200197;234:0.00100100099;240:0.00100100099;241:0.00100100099;242:0.00200200197;243:0.00100100099;244:0.00600600615;245:0.00100100099;246:0.00300300308;256:0.00100100099;258:0.00100100099;267:0.00100100099;268:0.00300300308;269:0.00200200197;270:0.00300300308;271:0.00200200197;272:0.00200200197;282:0.00100100099;283:0.00100100099;284:0.00200200197;285:0.00100100099;286:0.00100100099;287:0.00100100099;295:0.00100100099;297:0.00100100099;312:0.00300300308;313:0.00400400395;314:0.00200200197;315:0.00300300308;341:0.00300300308;343:0.00200200197;355:0.00800800789;356:0.0150150154;357:0.00900900923;358:0.0100100096;359:0.00300300308;360:0.00200200197,,New_NPS_example,false
3161,Dihydroetorphine,CCCC(C)(O)C1CC23CCC1(OC)C1Oc4c(O)ccc5c4C12CCN(C)C3C5,test,38:0.00100100099;39:0.011011011;40:0.00200200197;41:0.0800800771;42:0.172172174;43:0.2002002;44:0.569569588;45:0.262262255;46:0.00700700702;47:0.00100100099;50:0.00100100099;51:0.00400400395;52:0.00100100099;53:0.0130130127;54:0.00400400395;55:0.0880880877;56:0.025025025;57:0.0470470488;58:0.130130127;59:0.0890890881;60:0.0150150154;61:0.00100100099;63:0.00200200197;64:0.00100100099;65:0.0160160158;66:0.00500500482;67:0.0300300308;68:0.0130130127;69:0.05005005;70:0.108108111;71:0.0800800771;72:0.0290290285;74:0.00400400395;75:0.00300300308;76:0.00300300308;77:0.0320320316;78:0.00900900923;79:0.0310310312;80:0.0100100096;81:0.0280280281;82:0.0310310312;83:0.0240240246;84:0.025025025;85:0.0160160158;86:0.00500500482;87:0.0670670643;88:0.00700700702;89:0.00700700702;90:0.00500500482;91:0.0620620623;92:0.011011011;93:0.025025025;94:0.0640640631;95:0.0320320316;96:0.025025025;97:0.0520520508;98:0.011011011;99:0.00900900923;100:0.00600600615;101:0.0260260254;102:0.0100100096;103:0.0210210215;104:0.0100100096;105:0.0310310312;106:0.0120120123;107:0.0360360369;108:0.0300300308;109:0.0370370373;110:0.0220220219;111:0.0230230223;112:0.0100100096;113:0.00800800789;114:0.00700700702;115:0.0610610619;116:0.0190190189;117:0.0320320316;118:0.0160160158;119:0.0210210215;120:0.0240240246;121:0.0630630627;122:0.0340340324;123:0.0760760754;124:0.0220220219;125:0.0400400385;126:0.0170170162;127:0.0350350365;128:0.0430430435;129:0.0320320316;130:0.0130130127;131:0.0450450443;132:0.0420420431;133:0.0320320316;134:0.0510510504;135:0.0430430435;136:0.0190190189;137:0.025025025;138:0.014014014;139:0.0200200193;140:0.0150150154;141:0.0390390381;142:0.014014014;143:0.0230230223;144:0.0310310312;145:0.033033032;146:0.0360360369;147:0.0510510504;148:0.0320320316;149:0.0310310312;150:0.0360360369;151:0.0240240246;152:0.0540540554;153:0.0450450443;154:0.0230230223;155:0.0240240246;156:0.0180180185;157:0.033033032;158:0.0190190189;159:0.0270270277;160:0.0290290285;161:0.0720720738;162:0.0370370373;163:0.0320320316;164:0.070070073;165:0.058058057;166:0.0460460447;167:0.0260260254;168:0.0220220219;169:0.0300300308;170:0.0180180185;171:0.0390390381;172:0.0340340324;173:0.0530530512;174:0.0490490496;175:0.0790790766;176:0.108108111;177:0.0360360369;178:0.033033032;179:0.0210210215;180:0.0130130127;181:0.0430430435;182:0.0230230223;183:0.0200200193;184:0.0310310312;185:0.0430430435;186:0.025025025;187:0.0270270277;188:0.0210210215;189:0.025025025;190:0.0490490496;191:0.0460460447;192:0.0200200193;193:0.0300300308;194:0.0170170162;195:0.0290290285;196:0.0180180185;197:0.0360360369;198:0.0400400385;199:0.0440440439;200:0.0270270277;201:0.0240240246;202:0.0620620623;203:0.0960960984;204:0.0540540554;205:0.0220220219;206:0.0120120123;207:0.0150150154;208:0.0120120123;209:0.0290290285;210:0.0300300308;211:0.0720720738;212:0.0430430435;213:0.0310310312;214:0.0870870873;215:0.119119123;216:0.159159154;217:0.0400400385;218:0.0210210215;219:0.0180180185;220:0.014014014;221:0.0230230223;222:0.0150150154;223:0.0530530512;224:0.033033032;225:0.0440440439;226:0.0490490496;227:0.0540540554;228:0.0630630627;229:0.0620620623;230:0.0610610619;231:0.0180180185;232:0.0120120123;233:0.0130130127;234:0.014014014;235:0.033033032;236:0.0200200193;237:0.0450450443;238:0.033033032;239:0.05005005;240:0.0530530512;241:0.0480480492;242:0.070070073;243:0.0350350365;244:0.0180180185;245:0.014014014;246:0.00900900923;247:0.011011011;248:0.0100100096;249:0.0260260254;250:0.014014014;251:0.0240240246;252:0.0270270277;253:0.0350350365;254:0.033033032;255:0.0220220219;256:0.0200200193;257:0.0160160158;258:0.0100100096;259:0.00800800789;260:0.00600600615;261:0.011011011;262:0.00700700702;263:0.0290290285;264:0.0380380377;265:0.0280280281;266:0.0360360369;267:0.0460460447;268:0.0320320316;269:0.0280280281;270:0.0160160158;271:0.00700700702;272:0.0240240246;273:0.00600600615;274:0.00300300308;275:0.00500500482;276:0.00500500482;277:0.0120120123;278:0.014014014;279:0.0170170162;280:0.0260260254;281:0.0280280281;282:0.0210210215;283:0.0120120123;284:0.0340340324;285:0.011011011;286:0.011011011;287:0.00400400395;288:0.00200200197;289:0.00500500482;290:0.00600600615;291:0.00900900923;292:0.00900900923;293:0.0220220219;294:0.0350350365;295:0.0460460447;296:0.180180177;297:0.0520520508;298:0.0690690726;299:0.0240240246;300:0.0230230223;301:0.0100100096;302:0.00500500482;303:0.00600600615;304:0.00300300308;305:0.011011011;306:0.014014014;307:0.00900900923;308:0.00800800789;309:0.0180180185;310:0.0340340324;311:0.0190190189;312:0.0890890881;313:0.0220220219;314:0.00700700702;315:0.00200200197;316:0.00100100099;317:0.00100100099;318:0.00100100099;319:0.00300300308;320:0.00900900923;321:0.011011011;322:0.0100100096;323:0.0160160158;324:0.0480480492;325:0.014014014;326:0.114114113;327:0.0450450443;328:0.00900900923;329:0.00100100099;330:0.00100100099;331:0.00100100099;332:0.014014014;333:0.00500500482;334:0.00700700702;335:0.00500500482;336:0.00900900923;337:0.0120120123;338:0.145145148;339:0.0360360369;340:0.0100100096;341:0.00500500482;342:0.00500500482;343:0.00200200197;346:0.00200200197;347:0.00100100099;348:0.00600600615;349:0.00400400395;350:0.00800800789;351:0.00800800789;352:0.0550550558;353:0.0200200193;354:0.00900900923;355:0.00300300308;356:0.00300300308;357:0.00200200197;362:0.00700700702;363:0.00900900923;364:0.0920920894;365:0.0280280281;366:0.153153151;367:0.0400400385;368:0.0100100096;369:0.00200200197;370:0.0390390381;371:0.011011011;372:0.00200200197;376:0.00100100099;377:0.00100100099;378:0.00500500482;379:0.00300300308;380:1;381:0.432432443;382:0.0900900885;383:0.014014014;384:0.00600600615;385:0.00100100099;392:0.00100100099;393:0.00100100099;394:0.0460460447;395:0.731731713;396:0.230230227;397:0.0420420431;398:0.0870870873;399:0.0220220219;400:0.00200200197;407:0.00100100099;411:0.00100100099;412:0.0540540554;413:0.128128126;414:0.0320320316;415:0.00400400395;417:0.00100100099;432:0.00100100099;438:0.00100100099;443:0.00100100099;453:0.00100100099;468:0.00100100099;489:0.00100100099;494:0.00100100099,,New_NPS_example,false
3180,Indole-3-acetic acid,O=C(O)Cc1c[nH]c2ccccc12,train,37:0.00100100099;38:0.00300300308;39:0.0100100096;40:0.00100100099;41:0.00100100099;42:0.00100100099;43:0.00200200197;44:0.00200200197;45:0.00500500482;49:0.00100100099;50:0.0170170162;51:0.0390390381;52:0.0160160158;53:0.00300300308;54:0.00100100099;55:0.00100100099;58:0.00200200197;61:0.00200200197;62:0.00600600615;63:0.0160160158;64:0.00900900923;65:0.0210210215;66:0.00100100099;73:0.00200200197;74:0.014014014;75:0.025025025;76:0.0310310312;77:0.136136129;78:0.0150150154;79:0.00200200197;85:0.00100100099;86:0.00100100099;87:0.00300300308;88:0.00200200197;89:0.00700700702;90:0.00500500482;91:0.00600600615;92:0.00100100099;98:0.00300300308;99:0.00200200197;100:0.00200200197;101:0.0190190189;102:0.0670670643;103:0.116116114;104:0.0150150154;105:0.00200200197;114:0.00100100099;115:0.00100100099;116:0.00200200197;117:0.00600600615;118:0.00400400395;127:0.00200200197;128:0.0650650635;129:0.0440440439;130:1;131:0.104104102;132:0.0240240246;133:0.00200200197;144:0.00200200197;146:0.00300300308;147:0.00100100099;157:0.00200200197;161:0.00100100099;174:0.00200200197;175:0.296296299;176:0.0340340324;177:0.00300300308,,New_NPS_example,false
3182,Ethyl 2-(1-phenylethylamino)acetate,CCOC(=O)CNC(C)c1ccccc1,train,38:0.00200200197;39:0.0220220219;40:0.00300300308;41:0.00800800789;42:0.025025025;43:0.00900900923;44:0.00300300308;45:0.00500500482;46:0.00100100099;50:0.0120120123;51:0.0490490496;52:0.0120120123;53:0.00800800789;54:0.00400400395;55:0.00300300308;56:0.0690690726;57:0.00900900923;58:0.00400400395;59:0.00200200197;60:0.00500500482;61:0.00200200197;62:0.00300300308;63:0.0160160158;64:0.00400400395;65:0.0240240246;66:0.00300300308;67:0.0100100096;70:0.00100100099;72:0.00200200197;73:0.00400400395;74:0.00500500482;75:0.00400400395;76:0.00800800789;77:0.161161155;78:0.0560560562;79:0.124124125;80:0.00800800789;86:0.00100100099;87:0.00100100099;88:0.00100100099;89:0.0170170162;90:0.00900900923;91:0.164164171;92:0.014014014;93:0.00100100099;100:0.00200200197;101:0.00100100099;102:0.0150150154;103:0.0990990996;104:0.0570570566;105:1;106:0.095095098;107:0.00600600615;115:0.00300300308;116:0.00200200197;117:0.0190190189;118:0.176176175;119:0.0240240246;120:0.336336344;121:0.0310310312;122:0.00100100099;130:0.0240240246;131:0.00300300308;132:0.0200200193;133:0.00300300308;134:0.210210204;135:0.025025025;136:0.00100100099;164:0.0160160158;165:0.00200200197;178:0.00300300308;192:0.105105102;193:0.0120120123;194:0.00100100099;206:0.00200200197;207:0.00200200197;208:0.00100100099,,New_NPS_example,false
3188,MDMB-INACA,COC(=O)C(NC(=O)c1n[nH]c2ccccc12)C(C)(C)C,train,37:0.00100100099;38:0.00400400395;39:0.0310310312;40:0.00500500482;41:0.0790790766;42:0.0100100096;43:0.0100100096;44:0.00400400395;45:0.00200200197;50:0.00200200197;51:0.00300300308;52:0.00600600615;53:0.00500500482;54:0.00300300308;55:0.0100100096;56:0.0100100096;57:0.0740740746;58:0.00400400395;59:0.0100100096;60:0.00300300308;61:0.00100100099;62:0.0130130127;63:0.0420420431;64:0.025025025;65:0.011011011;66:0.00300300308;67:0.00300300308;68:0.00300300308;69:0.0260260254;70:0.0210210215;71:0.00900900923;72:0.00100100099;73:0.00500500482;74:0.00200200197;75:0.00100100099;76:0.00400400395;77:0.00400400395;78:0.00200200197;79:0.00100100099;82:0.00100100099;83:0.00500500482;84:0.00900900923;85:0.00200200197;86:0.156156152;87:0.014014014;88:0.0400400385;89:0.05005005;90:0.215215221;91:0.0570570566;92:0.00700700702;93:0.00100100099;95:0.00100100099;98:0.00200200197;99:0.00100100099;100:0.00100100099;101:0.00100100099;102:0.00200200197;103:0.00100100099;104:0.00100100099;106:0.00400400395;107:0.00700700702;112:0.00200200197;113:0.00100100099;114:0.00100100099;115:0.00300300308;116:0.00600600615;117:0.0730730742;118:0.285285294;119:0.0290290285;120:0.00100100099;128:0.00100100099;129:0.00100100099;130:0.00400400395;131:0.00200200197;132:0.00100100099;143:0.00200200197;144:0.0210210215;145:1;146:0.196196198;147:0.0160160158;148:0.00100100099;156:0.00100100099;157:0.00100100099;158:0.0190190189;159:0.00300300308;160:0.00100100099;161:0.00200200197;162:0.0400400385;163:0.00400400395;170:0.00100100099;171:0.00100100099;172:0.00300300308;173:0.0340340324;174:0.0270270277;175:0.00300300308;177:0.0120120123;178:0.00100100099;186:0.00100100099;187:0.00500500482;188:0.00100100099;189:0.00100100099;190:0.00200200197;200:0.00300300308;201:0.517517507;202:0.0640640631;203:0.00600600615;204:0.00100100099;207:0.00100100099;213:0.00100100099;214:0.0120120123;215:0.00700700702;216:0.00100100099;228:0.00100100099;230:0.120120123;231:0.0170170162;232:0.011011011;233:0.392392397;234:0.0520520508;235:0.00600600615;242:0.014014014;243:0.00200200197;258:0.00100100099;274:0.00400400395;275:0.00100100099;289:0.00500500482;290:0.00300300308;291:0.00100100099,,New_NPS_example,false
3200,4-CDMC,CC(C(=O)c1ccc(Cl)cc1)N(C)C,train,36:0.00100100099;38:0.00100100099;39:0.00200200197;40:0.00200200197;41:0.00600600615;42:0.0640640631;43:0.00900900923;44:0.0840840861;45:0.00500500482;50:0.0130130127;51:0.00900900923;52:0.00100100099;53:0.00100100099;54:0.00400400395;55:0.0100100096;56:0.0470470488;57:0.0240240246;58:0.00300300308;61:0.00100100099;62:0.00100100099;63:0.00200200197;70:0.0490490496;71:0.0120120123;72:1;73:0.05005005;74:0.00800800789;75:0.0390390381;76:0.00800800789;77:0.00800800789;78:0.00100100099;84:0.00100100099;85:0.00400400395;86:0.00100100099;87:0.00200200197;89:0.00200200197;90:0.00100100099;91:0.00100100099;99:0.00100100099;101:0.00100100099;102:0.00200200197;103:0.00500500482;104:0.00100100099;105:0.00100100099;110:0.00100100099;111:0.0360360369;112:0.00400400395;113:0.0120120123;114:0.00100100099;115:0.00200200197;116:0.00100100099;117:0.00100100099;125:0.00500500482;126:0.00100100099;127:0.00100100099;131:0.00200200197;132:0.00100100099;133:0.00200200197;137:0.00100100099;139:0.0200200193;140:0.00200200197;141:0.00600600615;145:0.00200200197;149:0.00100100099;150:0.00100100099;152:0.00100100099;160:0.00200200197;161:0.00100100099;166:0.00100100099;167:0.00100100099;168:0.00200200197;180:0.00100100099;182:0.00100100099;194:0.00100100099;195:0.00100100099;196:0.00200200197;253:0.00100100099,,New_NPS_example,false
3202,7-Hydroxy Mitragynine,CCC1CN2CCC3(O)C(=Nc4cccc(OC)c43)C2CC1C(=COC)C(=O)OC,train,39:0.0130130127;40:0.00200200197;41:0.0710710734;42:0.0920920894;43:0.0160160158;44:0.0130130127;45:0.0180180185;47:0.0100100096;50:0.00100100099;51:0.00400400395;52:0.00400400395;53:0.0170170162;54:0.0190190189;55:0.0360360369;56:0.0480480492;57:0.0100100096;58:0.00400400395;59:0.0180180185;60:0.00100100099;61:0.00100100099;63:0.00300300308;64:0.00300300308;65:0.0120120123;66:0.00500500482;67:0.0180180185;68:0.0590590574;69:0.127127126;70:0.0280280281;71:0.00800800789;72:0.00300300308;73:0.0150150154;74:0.00300300308;75:0.1011011;76:0.0180180185;77:0.0300300308;78:0.0100100096;79:0.0220220219;80:0.0220220219;81:0.0180180185;82:0.033033032;83:0.00800800789;84:0.014014014;85:0.014014014;86:0.00300300308;87:0.00100100099;88:0.00100100099;89:0.00500500482;90:0.00800800789;91:0.0240240246;92:0.0200200193;93:0.0270270277;94:0.0390390381;95:0.0320320316;96:0.0270270277;97:0.0210210215;98:0.00700700702;99:0.00400400395;100:0.00400400395;101:0.00200200197;102:0.00400400395;103:0.0130130127;104:0.014014014;105:0.014014014;106:0.0130130127;107:0.0190190189;108:0.0240240246;109:0.0200200193;110:0.0450450443;111:0.0100100096;112:0.00300300308;113:0.00300300308;114:0.00100100099;115:0.0100100096;116:0.00800800789;117:0.0200200193;118:0.0170170162;119:0.0130130127;120:0.0160160158;121:0.0100100096;122:0.0380380377;123:0.0220220219;124:0.0200200193;125:0.0100100096;126:0.00400400395;127:0.00700700702;128:0.00800800789;129:0.134134129;130:0.033033032;131:0.0100100096;132:0.0160160158;133:0.0180180185;134:0.0160160158;135:0.0150150154;136:0.014014014;137:0.0100100096;138:0.00900900923;139:0.00800800789;140:0.00500500482;141:0.00500500482;142:0.0150150154;143:0.0100100096;144:0.00900900923;145:0.0130130127;146:0.0440440439;147:0.0190190189;148:0.0240240246;149:0.0130130127;150:0.0310310312;151:0.0130130127;152:0.0350350365;153:0.00800800789;154:0.0220220219;155:0.0100100096;156:0.00600600615;157:0.00400400395;158:0.0100100096;159:0.00700700702;160:0.0180180185;161:0.011011011;162:0.0120120123;163:0.00800800789;164:0.0130130127;165:0.00400400395;166:0.00900900923;167:0.00400400395;168:0.00600600615;169:0.00400400395;170:0.00800800789;171:0.011011011;172:0.00800800789;173:0.00300300308;174:0.0210210215;175:0.0130130127;176:0.0270270277;177:0.00700700702;178:0.0320320316;179:0.00600600615;180:0.0170170162;181:0.00400400395;182:0.00400400395;183:0.00700700702;184:0.00700700702;185:0.00300300308;186:0.00400400395;187:0.00600600615;188:0.0190190189;189:0.0120120123;190:0.014014014;191:0.00400400395;192:0.0130130127;193:0.00800800789;194:0.00800800789;195:0.00400400395;196:0.00600600615;197:0.00300300308;198:0.00400400395;199:0.00500500482;200:0.00700700702;201:0.00600600615;202:0.00500500482;203:0.00100100099;204:0.00200200197;205:0.00100100099;206:0.0170170162;207:0.00600600615;208:0.0610610619;209:0.011011011;210:0.0370370373;211:0.00800800789;212:0.00500500482;213:0.00400400395;214:0.00600600615;215:0.00500500482;216:0.00300300308;217:0.00300300308;218:0.00200200197;219:0.00100100099;220:0.00200200197;221:0.00400400395;222:0.00500500482;223:0.00200200197;224:0.0730730742;225:0.011011011;226:0.00900900923;227:0.00600600615;228:0.00200200197;229:0.00500500482;230:0.00200200197;231:0.00200200197;232:0.00100100099;234:0.00100100099;235:0.00100100099;236:0.00300300308;237:0.00500500482;238:1;239:0.202202201;240:0.0240240246;241:0.00500500482;242:0.00100100099;243:0.00500500482;244:0.00200200197;245:0.00100100099;249:0.00200200197;250:0.00100100099;251:0.00200200197;252:0.00400400395;253:0.00200200197;254:0.00200200197;255:0.00200200197;256:0.00100100099;257:0.00100100099;264:0.00100100099;265:0.00200200197;267:0.00200200197;268:0.00100100099;269:0.00100100099;271:0.00400400395;272:0.00100100099;278:0.00100100099;279:0.00200200197;280:0.00100100099;281:0.00500500482;282:0.00300300308;283:0.00100100099;285:0.00100100099;293:0.00100100099;294:0.00100100099;295:0.00200200197;297:0.00300300308;298:0.00100100099;309:0.00100100099;316:0.00100100099;321:0.00100100099;323:0.00100100099;325:0.00100100099;327:0.00100100099;335:0.00100100099;339:0.00100100099;340:0.00100100099;341:0.00200200197;342:0.00200200197;351:0.00200200197;353:0.00100100099;354:0.00100100099;355:0.00300300308;357:0.00100100099;365:0.00100100099;367:0.00200200197;368:0.00100100099;369:0.00100100099;379:0.00100100099;381:0.00100100099;382:0.00200200197;383:0.014014014;384:0.00300300308;385:0.00200200197;395:0.00200200197;396:0.00100100099;397:0.0360360369;398:0.00900900923;399:0.00300300308;400:0.00100100099;412:0.00100100099;413:0.00300300308;414:0.131131127;415:0.0350350365;416:0.00600600615;417:0.00100100099;429:0.00100100099;430:0.00100100099;490:0.00100100099;491:0.00100100099,,New_NPS_example,false
3205,"N,N-Dimethyl Etonitazene",CCOc1ccc(Cc2nc3cc([N+](=O)[O-])ccc3n2CCN(C)C)cc1,train,39:0.00100100099;41:0.00100100099;42:0.0150150154;43:0.00600600615;44:0.00400400395;50:0.00100100099;51:0.00200200197;52:0.00100100099;53:0.00100100099;55:0.00100100099;56:0.00700700702;57:0.00600600615;58:1;59:0.0370370373;63:0.00200200197;64:0.00100100099;65:0.00100100099;70:0.00200200197;71:0.00500500482;72:0.00500500482;73:0.00300300308;75:0.00200200197;76:0.00400400395;77:0.0100100096;78:0.00500500482;79:0.00300300308;80:0.00100100099;89:0.00300300308;90:0.00300300308;91:0.00200200197;92:0.00100100099;102:0.00100100099;103:0.00100100099;104:0.00100100099;105:0.00100100099;106:0.00100100099;107:0.0420420431;108:0.0100100096;109:0.00100100099;115:0.00100100099;116:0.00100100099;117:0.00100100099;118:0.00100100099;129:0.00100100099;130:0.00100100099;131:0.00100100099;132:0.00100100099;133:0.00100100099;135:0.0100100096;136:0.00200200197;143:0.00100100099;147:0.00200200197;192:0.00100100099;193:0.00100100099;205:0.00100100099;206:0.00100100099;207:0.00200200197;218:0.00100100099;219:0.00100100099;220:0.00100100099;221:0.00100100099;222:0.00100100099;231:0.00100100099;234:0.00100100099;235:0.00100100099;236:0.00100100099;264:0.00100100099;280:0.00100100099;281:0.00100100099;368:0.00200200197;369:0.00100100099,,New_NPS_example,false
3207,N-Benzylcyclohexylamine,c1ccc(CNC2CCCCC2)cc1,test,38:0.00200200197;39:0.0520520508;40:0.00600600615;41:0.0760760754;42:0.0120120123;43:0.0190190189;44:0.00400400395;45:0.00100100099;50:0.00600600615;51:0.0220220219;52:0.00700700702;53:0.0120120123;54:0.0150150154;55:0.0460460447;56:0.0200200193;57:0.00200200197;59:0.00200200197;62:0.00200200197;63:0.0150150154;64:0.00600600615;65:0.135135129;66:0.011011011;67:0.00900900923;68:0.0100100096;69:0.00400400395;70:0.00400400395;71:0.00200200197;72:0.00300300308;73:0.014014014;74:0.00100100099;75:0.00100100099;76:0.00200200197;77:0.0300300308;78:0.0120120123;79:0.0290290285;80:0.00400400395;81:0.00600600615;82:0.00500500482;83:0.00500500482;84:0.00100100099;89:0.0220220219;90:0.0120120123;91:1;92:0.0900900885;93:0.00400400395;94:0.00100100099;96:0.00200200197;98:0.0520520508;99:0.00300300308;102:0.00100100099;103:0.00400400395;104:0.0270270277;105:0.0150150154;106:0.0600600615;107:0.00700700702;108:0.00100100099;110:0.00100100099;112:0.00600600615;113:0.00100100099;115:0.00300300308;116:0.011011011;117:0.0100100096;118:0.0230230223;119:0.00400400395;120:0.0150150154;121:0.00100100099;128:0.00100100099;129:0.00200200197;130:0.0100100096;131:0.00300300308;132:0.095095098;133:0.0380380377;134:0.00300300308;143:0.00100100099;144:0.00900900923;145:0.00400400395;146:0.843843818;147:0.103103101;148:0.00600600615;158:0.00400400395;159:0.00100100099;160:0.0590590574;161:0.00800800789;172:0.00100100099;174:0.00100100099;186:0.00200200197;187:0.00200200197;188:0.014014014;189:0.18618618;190:0.0290290285;191:0.00200200197,,New_NPS_example,false
3214,Ethyl 4-(phenylamino)piperidine-1-carboxylate,CCOC(=O)N1CCC(Nc2ccccc2)CC1,train,37:0.00100100099;38:0.00400400395;39:0.0540540554;40:0.00900900923;41:0.0550550558;42:0.290290296;43:0.0360360369;44:0.058058057;45:0.00800800789;46:0.00100100099;50:0.00900900923;51:0.0640640631;52:0.0160160158;53:0.0290290285;54:0.0690690726;55:0.197197199;56:0.45045045;57:0.102102101;58:0.0860860869;59:0.00400400395;61:0.00100100099;62:0.00500500482;63:0.011011011;64:0.011011011;65:0.0850850865;66:0.0440440439;67:0.0300300308;68:0.206206203;69:0.0270270277;70:0.0200200193;71:0.0150150154;72:0.0650650635;73:0.00900900923;74:0.0150150154;75:0.00300300308;76:0.011011011;77:0.224224225;78:0.0370370373;79:0.0260260254;80:0.0240240246;81:0.0180180185;82:0.334334344;83:0.165165171;84:0.174174175;85:0.0380380377;86:0.0260260254;87:0.00400400395;88:0.0370370373;89:0.0100100096;90:0.0180180185;91:0.138138145;92:0.115115114;93:0.402402401;94:0.0640640631;95:0.00700700702;96:0.21321322;97:0.0180180185;98:0.00300300308;99:0.00300300308;100:0.161161155;101:0.0650650635;102:0.0400400385;103:0.0210210215;104:0.16316317;105:0.0430430435;106:0.10710711;107:0.011011011;108:0.00300300308;109:0.00200200197;110:0.0660660639;111:0.00700700702;112:0.0370370373;113:0.00300300308;114:0.00800800789;115:0.0270270277;116:0.0260260254;117:0.141141146;118:0.443443447;119:0.2012012;120:0.157157153;121:0.014014014;122:0.00100100099;124:0.00200200197;125:0.00500500482;126:0.469469458;127:0.439439446;128:0.133133128;129:0.05005005;130:0.939939916;131:0.576576591;132:0.702702701;133:0.0960960984;134:0.011011011;135:0.00100100099;140:0.0160160158;141:0.00300300308;142:0.00600600615;143:0.0150150154;144:0.0280280281;145:0.0180180185;146:0.0880880877;147:0.0480480492;148:0.00800800789;149:0.00100100099;150:0.00100100099;153:0.00100100099;154:0.0410410427;155:0.922922909;156:0.454454452;157:0.0440440439;158:0.0790790766;159:0.0180180185;160:0.00400400395;161:0.00600600615;162:0.00100100099;164:0.00400400395;165:0.00100100099;171:0.00500500482;172:0.00200200197;173:0.011011011;174:0.0160160158;175:0.315315306;176:0.0410410427;177:0.00300300308;178:0.00200200197;186:0.00100100099;191:0.0220220219;192:0.0100100096;193:0.00100100099;201:0.00700700702;202:0.0220220219;203:0.0610610619;204:0.00900900923;205:0.0100100096;206:0.00200200197;217:0.00200200197;218:0.00100100099;219:0.129129127;220:0.0210210215;221:0.00200200197;230:0.00300300308;231:0.014014014;232:0.00200200197;233:0.00800800789;234:0.00100100099;246:0.00100100099;247:0.0150150154;248:1;249:0.160160154;250:0.0170170162;251:0.00100100099,,New_NPS_example,false
3216,"2,2'-Difluorofentanyl",CCC(=O)N(c1ccccc1F)C1CCN(CCc2ccccc2F)CC1,train,37:0.00100100099;38:0.00100100099;39:0.0120120123;40:0.00100100099;41:0.05005005;42:0.235235229;43:0.0320320316;44:0.215215221;45:0.00600600615;49:0.00100100099;50:0.00400400395;51:0.00800800789;52:0.00500500482;53:0.0120120123;54:0.0160160158;55:0.0550550558;56:0.0400400385;57:0.143143147;58:0.00800800789;59:0.00200200197;60:0.00100100099;61:0.00100100099;62:0.00200200197;63:0.00500500482;64:0.00200200197;65:0.00700700702;66:0.00200200197;67:0.033033032;68:0.0350350365;69:0.0400400385;70:0.0710710734;71:0.00600600615;72:0.00100100099;73:0.00100100099;74:0.00200200197;75:0.0210210215;76:0.00400400395;77:0.0520520508;78:0.00700700702;79:0.00800800789;80:0.0150150154;81:0.00900900923;82:0.0340340324;83:0.0300300308;84:0.0200200193;85:0.00200200197;86:0.00200200197;88:0.00100100099;89:0.00400400395;90:0.00400400395;91:0.00600600615;92:0.00300300308;93:0.00400400395;94:0.0290290285;95:0.0630630627;96:0.164164171;97:0.0320320316;98:0.0290290285;99:0.00300300308;100:0.00200200197;101:0.0180180185;102:0.0200200193;103:0.139139146;104:0.0150150154;105:0.00300300308;106:0.00100100099;107:0.00700700702;108:0.00600600615;109:0.0670670643;110:0.0170170162;111:0.0650650635;112:0.0170170162;113:0.00200200197;114:0.00100100099;115:0.00400400395;116:0.00300300308;117:0.00600600615;118:0.00600600615;119:0.00100100099;120:0.00200200197;121:0.0160160158;122:0.095095098;123:0.171171173;124:0.0360360369;125:0.00300300308;126:0.00100100099;127:0.00200200197;128:0.00300300308;129:0.00200200197;130:0.0210210215;131:0.00500500482;132:0.00500500482;133:0.00500500482;134:0.00400400395;135:0.0240240246;136:0.0710710734;137:0.0170170162;138:0.0100100096;139:0.011011011;140:0.00200200197;141:0.00100100099;142:0.00100100099;143:0.00300300308;144:0.0150150154;145:0.00300300308;146:0.00400400395;147:0.00400400395;148:0.0490490496;149:0.0480480492;150:0.0980980992;151:0.0160160158;152:0.0160160158;153:0.00200200197;154:0.00100100099;155:0.00100100099;156:0.00200200197;157:0.00200200197;158:0.00200200197;159:0.00200200197;160:0.00100100099;161:0.00300300308;162:0.011011011;163:0.0100100096;164:1;165:0.108108111;166:0.0150150154;167:0.00800800789;168:0.00400400395;169:0.00100100099;170:0.00300300308;171:0.00300300308;172:0.00100100099;173:0.00100100099;174:0.00200200197;175:0.00200200197;176:0.070070073;177:0.0120120123;178:0.025025025;179:0.00400400395;180:0.00100100099;182:0.00100100099;183:0.00100100099;184:0.00400400395;185:0.00300300308;186:0.00300300308;187:0.00100100099;188:0.00300300308;189:0.00100100099;190:0.00300300308;191:0.00200200197;192:0.00100100099;196:0.00100100099;197:0.00100100099;200:0.00100100099;201:0.00100100099;202:0.0150150154;203:0.0130130127;204:0.033033032;205:0.0170170162;206:0.025025025;207:0.652652681;208:0.0860860869;209:0.00700700702;211:0.00100100099;212:0.00100100099;216:0.00100100099;218:0.00100100099;219:0.00100100099;220:0.0970970988;221:0.0150150154;222:0.00200200197;224:0.00100100099;227:0.00100100099;233:0.00100100099;234:0.00500500482;235:0.00100100099;238:0.00100100099;243:0.00100100099;244:0.00100100099;245:0.00100100099;247:0.00300300308;248:0.00100100099;249:0.00100100099;253:0.00300300308;259:0.00100100099;261:0.00200200197;262:0.00300300308;263:0.84884882;264:0.15015015;265:0.0120120123;269:0.00100100099;274:0.00100100099;282:0.00100100099;285:0.00100100099;287:0.00100100099;309:0.00100100099;311:0.00100100099;312:0.00100100099;313:0.00100100099;315:0.00200200197;324:0.00100100099;325:0.00100100099;326:0.00100100099;327:0.00200200197;331:0.00100100099;336:0.00100100099;341:0.00300300308;342:0.00200200197;343:0.00100100099;346:0.00100100099;348:0.00100100099;352:0.00100100099;356:0.00100100099;370:0.00500500482;371:0.00200200197;372:0.00100100099;373:0.00100100099;374:0.00100100099;406:0.00100100099;424:0.00100100099;429:0.00100100099;448:0.00100100099;461:0.00100100099;497:0.00100100099,,New_NPS_example,false
3223,RTI-126,Cc1noc(C2C(c3ccccc3)CC3CCC2N3C)n1,train,38:0.011011011;39:0.0390390381;40:0.0460460447;41:0.121121123;42:0.254254252;43:0.0130130127;44:0.0160160158;50:0.00500500482;51:0.0190190189;52:0.00900900923;53:0.0200200193;54:0.0300300308;55:0.095095098;56:0.0450450443;57:0.0400400385;58:0.00500500482;59:0.0150150154;60:0.00200200197;62:0.00100100099;63:0.00800800789;64:0.00300300308;65:0.025025025;66:0.0100100096;67:0.0380380377;68:0.0740740746;69:0.0220220219;70:0.0320320316;71:0.00400400395;72:0.00200200197;74:0.00100100099;75:0.00200200197;76:0.00600600615;77:0.0460460447;78:0.0280280281;79:0.0150150154;80:0.0360360369;81:0.0520520508;82:1;83:0.704704702;84:0.0520520508;85:0.00700700702;86:0.00100100099;88:0.00100100099;89:0.0130130127;90:0.00600600615;91:0.0550550558;92:0.0100100096;93:0.0320320316;94:0.102102101;95:0.0620620623;96:0.445445448;97:0.52552551;98:0.0480480492;99:0.00400400395;100:0.00400400395;101:0.00300300308;102:0.0170170162;103:0.0400400385;104:0.0200200193;105:0.00900900923;106:0.00700700702;107:0.00600600615;108:0.011011011;109:0.0100100096;110:0.0130130127;111:0.00600600615;113:0.00400400395;114:0.00300300308;115:0.070070073;116:0.0220220219;117:0.0200200193;118:0.0100100096;119:0.00600600615;120:0.00400400395;121:0.0120120123;122:0.0150150154;123:0.00500500482;124:0.00600600615;125:0.00200200197;126:0.00300300308;127:0.014014014;128:0.0450450443;129:0.0300300308;130:0.0150150154;131:0.0180180185;132:0.00500500482;134:0.00300300308;136:0.00400400395;137:0.00800800789;138:0.00600600615;139:0.00300300308;140:0.00400400395;141:0.0130130127;142:0.00700700702;143:0.011011011;144:0.0200200193;145:0.00500500482;146:0.00400400395;147:0.00200200197;148:0.00600600615;149:0.011011011;150:0.00400400395;151:0.00200200197;152:0.00400400395;153:0.00500500482;154:0.00700700702;155:0.00500500482;156:0.00800800789;157:0.00800800789;158:0.0180180185;159:0.0210210215;160:0.00400400395;161:0.00200200197;162:0.00200200197;164:0.00300300308;165:0.00300300308;166:0.00300300308;167:0.00500500482;168:0.00600600615;169:0.00700700702;170:0.0400400385;171:0.011011011;172:0.00600600615;173:0.00200200197;174:0.00200200197;176:0.00100100099;178:0.00400400395;179:0.0100100096;180:0.00300300308;181:0.00200200197;182:0.00300300308;183:0.00600600615;184:0.00700700702;185:0.00800800789;186:0.00700700702;187:0.00400400395;188:0.00100100099;189:0.0130130127;190:0.00200200197;192:0.00400400395;194:0.00100100099;195:0.00200200197;196:0.00500500482;197:0.00900900923;198:0.0100100096;199:0.00600600615;200:0.00300300308;201:0.00200200197;202:0.00200200197;206:0.00200200197;210:0.00100100099;211:0.00100100099;213:0.011011011;214:0.00200200197;224:0.00100100099;225:0.00200200197;226:0.0130130127;227:0.00300300308;228:0.00100100099;230:0.00100100099;241:0.00200200197;242:0.00100100099;243:0.00100100099;252:0.00100100099;254:0.00500500482;255:0.00200200197;256:0.00100100099;283:0.0840840861;284:0.0170170162;285:0.00200200197;368:0.00100100099;394:0.00100100099;455:0.00100100099;467:0.00100100099,,New_NPS_example,false
3234,Dezocine,CC12CCCCCC(Cc3ccc(O)cc31)C2N,test,38:0.00200200197;39:0.0760760754;40:0.011011011;41:0.172172174;42:0.0620620623;43:0.131131127;44:0.0940940976;45:0.0210210215;46:0.00100100099;50:0.00400400395;51:0.0360360369;52:0.014014014;53:0.0590590574;54:0.0400400385;55:0.125125125;56:1;57:0.0660660639;58:0.0100100096;59:0.00400400395;60:0.00100100099;62:0.00200200197;63:0.0190190189;64:0.011011011;65:0.058058057;66:0.0170170162;67:0.0570570566;68:0.0300300308;69:0.161161155;70:0.125125125;71:0.0180180185;72:0.00900900923;73:0.0260260254;74:0.00400400395;75:0.00600600615;76:0.011011011;77:0.143143147;78:0.0390390381;79:0.0880880877;80:0.0370370373;81:0.0550550558;82:0.542542517;83:0.0770770758;84:0.0560560562;85:0.00500500482;86:0.0270270277;87:0.014014014;88:0.00300300308;89:0.0220220219;90:0.00800800789;91:0.154154152;92:0.0260260254;93:0.0540540554;94:0.0450450443;95:0.0470470488;96:0.129129127;97:0.0790790766;98:0.0200200193;99:0.00400400395;100:0.00300300308;101:0.00900900923;102:0.0200200193;103:0.0660660639;104:0.0220220219;105:0.0710710734;106:0.0150150154;107:0.144144148;108:0.0310310312;109:0.0460460447;110:0.123123124;111:0.0190190189;112:0.00800800789;113:0.00300300308;114:0.00600600615;115:0.177177176;116:0.0600600615;117:0.0760760754;118:0.0220220219;119:0.0340340324;120:0.0310310312;121:0.0710710734;122:0.0260260254;123:0.00600600615;124:0.0180180185;125:0.00300300308;126:0.00700700702;127:0.114114113;128:0.112112112;129:0.0670670643;130:0.0590590574;131:0.196196198;132:0.130130127;133:0.16316317;134:0.109109111;135:0.121121123;136:0.0710710734;137:0.0120120123;138:0.025025025;139:0.011011011;140:0.00500500482;141:0.0730730742;142:0.0280280281;143:0.0380380377;144:0.132132128;145:0.277277291;146:0.27627629;147:0.171171173;148:0.0800800771;149:0.0160160158;150:0.00900900923;151:0.00500500482;152:0.0190190189;153:0.0190190189;154:0.00800800789;155:0.0150150154;156:0.0130130127;157:0.303303301;158:0.193193197;159:0.541541517;160:0.270270258;161:0.113113113;162:0.0300300308;163:0.0120120123;164:0.00200200197;165:0.0100100096;166:0.00400400395;167:0.00900900923;168:0.00700700702;169:0.0150150154;170:0.0230230223;171:0.62362361;172:0.368368357;173:0.145145148;174:0.146146148;175:0.0280280281;176:0.0100100096;177:0.00200200197;178:0.00100100099;179:0.00200200197;180:0.00100100099;181:0.00500500482;182:0.00300300308;183:0.0100100096;184:0.0120120123;185:0.174174175;186:0.091091089;187:0.0440440439;188:0.0450450443;189:0.00700700702;190:0.00400400395;191:0.00100100099;194:0.00100100099;195:0.00300300308;196:0.00200200197;197:0.00400400395;198:0.00700700702;199:0.0730730742;200:0.0630630627;201:0.0130130127;202:0.025025025;203:0.00800800789;204:0.00300300308;210:0.00100100099;211:0.00500500482;212:0.00300300308;213:0.224224225;214:0.0380380377;215:0.00800800789;216:0.011011011;217:0.00200200197;226:0.00200200197;227:0.00700700702;228:0.708708704;229:0.126126125;230:0.0930930898;231:0.0150150154;232:0.00100100099;242:0.00100100099;243:0.00200200197;244:0.0520520508;245:0.240240246;246:0.0450450443;247:0.00400400395,,New_NPS_example,false
3239,Indole-3-carboxylic acid,O=C(O)c1c[nH]c2ccccc12,train,37:0.00600600615;38:0.011011011;39:0.0350350365;40:0.00400400395;41:0.00300300308;42:0.00100100099;43:0.00400400395;44:0.00400400395;45:0.00700700702;49:0.00200200197;50:0.0190190189;51:0.0310310312;52:0.0160160158;53:0.00700700702;54:0.00100100099;55:0.00100100099;56:0.00100100099;57:0.00700700702;58:0.0440440439;59:0.00300300308;60:0.00100100099;61:0.0150150154;62:0.0480480492;63:0.091091089;64:0.0160160158;65:0.0100100096;66:0.0320320316;67:0.00100100099;69:0.00100100099;71:0.00500500482;72:0.0460460447;73:0.00300300308;74:0.00900900923;75:0.00900900923;76:0.014014014;77:0.0560560562;78:0.0150150154;79:0.00200200197;80:0.0360360369;81:0.00100100099;84:0.00100100099;85:0.00700700702;86:0.0160160158;87:0.0280280281;88:0.0400400385;89:0.240240246;90:0.0470470488;91:0.00300300308;98:0.00100100099;100:0.00100100099;102:0.00200200197;103:0.00300300308;104:0.033033032;105:0.0170170162;106:0.00200200197;111:0.00100100099;112:0.00100100099;113:0.00100100099;114:0.0300300308;115:0.0490490496;116:0.2992993;117:0.0410410427;118:0.00300300308;130:0.00100100099;131:0.00100100099;132:0.0310310312;133:0.0180180185;134:0.00200200197;142:0.0100100096;143:0.0260260254;144:1;145:0.104104102;146:0.00700700702;159:0.00100100099;160:0.0100100096;161:0.936936915;162:0.0990990996;163:0.00800800789;164:0.00100100099;174:0.00100100099,,New_NPS_example,false
3242,Pholcodine,CN1CCC23c4c5ccc(OCCN6CCOCC6)c4OC2C(O)C=CC3C1C5,val,39:0.00300300308;41:0.0150150154;42:0.0730730742;43:0.0130130127;44:0.0340340324;45:0.00500500482;46:0.00100100099;50:0.00100100099;51:0.00200200197;52:0.00100100099;53:0.00400400395;54:0.00700700702;55:0.0350350365;56:0.0650650635;57:0.0150150154;58:0.0100100096;60:0.00100100099;61:0.00100100099;62:0.00100100099;63:0.00100100099;65:0.00300300308;66:0.00100100099;67:0.00100100099;68:0.00600600615;69:0.00300300308;70:0.0570570566;71:0.00700700702;72:0.011011011;73:0.0120120123;74:0.00100100099;75:0.00200200197;76:0.00100100099;77:0.00600600615;78:0.00100100099;79:0.00200200197;80:0.00100100099;81:0.0220220219;82:0.00700700702;83:0.00500500482;84:0.014014014;85:0.00900900923;86:0.00700700702;87:0.00400400395;88:0.00100100099;89:0.00200200197;90:0.00100100099;91:0.00800800789;92:0.00100100099;93:0.00100100099;94:0.00900900923;95:0.00200200197;96:0.00400400395;98:0.00900900923;99:0.00400400395;100:0.698698699;101:0.0420420431;102:0.00400400395;103:0.00400400395;104:0.00100100099;105:0.00200200197;107:0.00200200197;108:0.00200200197;109:0.00200200197;110:0.00300300308;111:0.00300300308;112:0.0130130127;113:0.00900900923;114:1;115:0.0820820853;116:0.00900900923;117:0.00300300308;118:0.00100100099;120:0.00100100099;121:0.00200200197;122:0.00300300308;123:0.00200200197;124:0.00800800789;125:0.00200200197;126:0.00100100099;127:0.00700700702;128:0.00900900923;129:0.00600600615;130:0.00200200197;131:0.00300300308;132:0.00300300308;133:0.00200200197;134:0.00100100099;135:0.00100100099;136:0.00200200197;139:0.00300300308;140:0.00100100099;141:0.00400400395;142:0.00100100099;143:0.00100100099;144:0.00400400395;145:0.00300300308;146:0.00300300308;147:0.00300300308;148:0.00200200197;149:0.00100100099;150:0.00100100099;151:0.00100100099;152:0.00800800789;153:0.00500500482;154:0.00300300308;155:0.00300300308;157:0.00200200197;158:0.00100100099;159:0.00200200197;160:0.00300300308;161:0.00300300308;162:0.00700700702;163:0.00100100099;164:0.00100100099;165:0.00600600615;166:0.00100100099;167:0.00200200197;168:0.00200200197;169:0.00200200197;170:0.00100100099;171:0.00200200197;172:0.00100100099;173:0.00200200197;174:0.00200200197;175:0.00400400395;176:0.00100100099;178:0.00300300308;179:0.00100100099;181:0.00300300308;182:0.00200200197;183:0.00200200197;184:0.00300300308;185:0.00200200197;186:0.00200200197;187:0.00100100099;188:0.00100100099;189:0.00100100099;190:0.00100100099;191:0.00100100099;193:0.00200200197;195:0.00200200197;196:0.00100100099;197:0.00200200197;198:0.00100100099;199:0.00400400395;200:0.00300300308;201:0.00100100099;202:0.00100100099;205:0.00100100099;207:0.011011011;210:0.00100100099;211:0.00100100099;212:0.00100100099;213:0.00200200197;214:0.00300300308;215:0.00100100099;216:0.00100100099;219:0.00100100099;221:0.00100100099;223:0.00300300308;224:0.00200200197;225:0.00200200197;226:0.00100100099;228:0.00100100099;238:0.00200200197;239:0.00100100099;240:0.00100100099;249:0.00100100099;250:0.00100100099;251:0.00300300308;252:0.00100100099;256:0.00100100099;257:0.00200200197;261:0.00100100099;266:0.00100100099;268:0.00100100099;269:0.00300300308;270:0.00100100099;275:0.00100100099;283:0.00100100099;284:0.00200200197;285:0.00300300308;286:0.00200200197;300:0.00100100099;310:0.00100100099;311:0.00200200197;312:0.00400400395;313:0.00200200197;323:0.00100100099;326:0.00100100099;327:0.00200200197;336:0.00100100099;340:0.00200200197;341:0.00200200197;347:0.00100100099;355:0.00600600615;356:0.00100100099;362:0.00100100099;370:0.00200200197;372:0.00100100099;373:0.00100100099;387:0.00100100099;388:0.00100100099;397:0.00100100099;398:0.00900900923;399:0.00300300308;414:0.00100100099;415:0.00200200197;416:0.00200200197;432:0.00100100099;446:0.00100100099;460:0.00100100099;461:0.00100100099;462:0.00100100099;474:0.00100100099;475:0.00200200197;476:0.00100100099;486:0.00100100099;491:0.00100100099,,New_NPS_example,false
3250,Troparil,COC(=O)C1C(c2ccccc2)CC2CCC1N2C,train,38:0.00100100099;39:0.0210210215;40:0.00300300308;41:0.0400400385;42:0.24924925;43:0.0120120123;44:0.0240240246;45:0.00400400395;50:0.00300300308;51:0.0150150154;52:0.00500500482;53:0.014014014;54:0.0160160158;55:0.0790790766;56:0.0340340324;57:0.0430430435;58:0.00600600615;59:0.0120120123;60:0.00100100099;62:0.00100100099;63:0.00700700702;64:0.00200200197;65:0.0220220219;66:0.00700700702;67:0.033033032;68:0.0540540554;69:0.0120120123;70:0.0370370373;71:0.00600600615;72:0.00300300308;73:0.00100100099;74:0.00200200197;75:0.00200200197;76:0.00400400395;77:0.0410410427;78:0.0170170162;79:0.0120120123;80:0.0170170162;81:0.0420420431;82:1;83:0.92592591;84:0.0830830857;85:0.0300300308;86:0.00300300308;88:0.00100100099;89:0.00700700702;90:0.00200200197;91:0.0870870873;92:0.0100100096;93:0.00700700702;94:0.0730730742;95:0.0180180185;96:0.516516507;97:0.32532534;98:0.0240240246;100:0.0130130127;101:0.00200200197;102:0.011011011;103:0.0420420431;104:0.014014014;105:0.0130130127;106:0.00300300308;107:0.00200200197;108:0.00800800789;109:0.00300300308;110:0.014014014;111:0.00200200197;112:0.00100100099;113:0.00300300308;114:0.00400400395;115:0.0660660639;116:0.0170170162;117:0.0150150154;118:0.00800800789;119:0.00200200197;120:0.00200200197;121:0.00800800789;122:0.0210210215;123:0.00300300308;124:0.00700700702;125:0.00100100099;126:0.00200200197;127:0.014014014;128:0.0490490496;129:0.0270270277;130:0.00700700702;131:0.0260260254;132:0.00400400395;133:0.00100100099;134:0.00100100099;138:0.00100100099;139:0.00200200197;140:0.0120120123;141:0.0220220219;142:0.00700700702;143:0.0210210215;144:0.0120120123;145:0.00400400395;146:0.00200200197;147:0.00200200197;150:0.00200200197;151:0.00100100099;152:0.00600600615;153:0.00400400395;154:0.0210210215;155:0.0590590574;156:0.0100100096;157:0.00900900923;158:0.0270270277;159:0.0310310312;160:0.00500500482;161:0.00200200197;163:0.00100100099;165:0.00200200197;166:0.00100100099;167:0.00400400395;168:0.00300300308;169:0.011011011;170:0.0220220219;171:0.00600600615;172:0.0640640631;173:0.00900900923;174:0.00100100099;181:0.00100100099;182:0.00400400395;183:0.00100100099;184:0.00400400395;185:0.00100100099;186:0.00300300308;187:0.00100100099;195:0.00100100099;196:0.00100100099;198:0.00300300308;199:0.00100100099;200:0.0790790766;201:0.0130130127;202:0.00100100099;210:0.00100100099;216:0.00100100099;226:0.00100100099;228:0.0390390381;229:0.00700700702;230:0.0100100096;231:0.00400400395;244:0.00300300308;245:0.00100100099;258:0.00400400395;259:0.0880880877;260:0.0170170162;261:0.00200200197,,New_NPS_example,false
3254,5-MeO-DALT,C=CCN(CC=C)CCc1c[nH]c2ccc(OC)cc12,train,38:0.00100100099;39:0.0180180185;40:0.00200200197;41:0.157157153;42:0.0540540554;43:0.00300300308;44:0.00200200197;50:0.00100100099;51:0.00300300308;52:0.00200200197;53:0.00600600615;54:0.00300300308;55:0.0240240246;56:0.00700700702;62:0.00100100099;63:0.00500500482;64:0.00200200197;65:0.00300300308;66:0.00100100099;67:0.00400400395;68:0.0470470488;69:0.00700700702;70:0.0120120123;76:0.00300300308;77:0.0120120123;78:0.00200200197;79:0.0350350365;80:0.00600600615;81:0.0480480492;82:0.00800800789;83:0.00100100099;84:0.00200200197;88:0.00100100099;89:0.011011011;90:0.0150150154;91:0.00200200197;92:0.00100100099;93:0.00100100099;94:0.00300300308;95:0.00200200197;96:0.0130130127;97:0.00100100099;98:0.00100100099;101:0.00200200197;102:0.00600600615;103:0.00900900923;104:0.00400400395;108:0.00700700702;109:0.00400400395;110:1;111:0.0800800771;112:0.00600600615;113:0.00100100099;114:0.00100100099;115:0.00600600615;116:0.00900900923;117:0.0420420431;118:0.00700700702;127:0.00100100099;128:0.00400400395;129:0.00400400395;130:0.0270270277;131:0.0120120123;132:0.00300300308;140:0.00100100099;141:0.00100100099;142:0.00300300308;143:0.00800800789;144:0.00700700702;145:0.0410410427;146:0.00900900923;155:0.00100100099;157:0.00100100099;158:0.00900900923;159:0.014014014;160:0.0620620623;161:0.011011011;162:0.00100100099;168:0.00100100099;169:0.00100100099;170:0.00100100099;171:0.00100100099;172:0.00200200197;173:0.0290290285;174:0.0210210215;175:0.00700700702;184:0.00100100099;185:0.00100100099;186:0.00200200197;187:0.00300300308;188:0.00100100099;198:0.00100100099;199:0.00200200197;200:0.00100100099;201:0.00100100099;213:0.00100100099;214:0.00100100099;227:0.00200200197;228:0.00300300308;229:0.00900900923;230:0.00100100099;239:0.0100100096;240:0.00200200197;241:0.00400400395;242:0.00100100099;269:0.00100100099;270:0.0120120123;271:0.00200200197,,New_NPS_example,false
3258,Modafinil,NC(=O)CS(=O)C(c1ccccc1)c1ccccc1,val,39:0.00700700702;50:0.00200200197;51:0.00700700702;52:0.00100100099;62:0.00200200197;63:0.00800800789;64:0.00100100099;65:0.00600600615;69:0.00200200197;70:0.00200200197;71:0.00100100099;74:0.00100100099;75:0.00100100099;76:0.00500500482;77:0.00600600615;78:0.00200200197;81:0.00200200197;82:0.0100100096;83:0.0100100096;84:0.00100100099;87:0.00100100099;88:0.00100100099;89:0.00600600615;91:0.00300300308;93:0.00100100099;98:0.00100100099;99:0.00100100099;100:0.00100100099;101:0.00200200197;102:0.00400400395;113:0.00300300308;114:0.00100100099;115:0.0200200193;116:0.00200200197;125:0.00100100099;126:0.00400400395;127:0.00300300308;128:0.0150150154;129:0.00200200197;138:0.00100100099;139:0.0120120123;140:0.00100100099;141:0.00700700702;150:0.00400400395;151:0.0190190189;152:0.18618618;153:0.0260260254;154:0.00200200197;162:0.00100100099;163:0.00900900923;164:0.0200200193;165:0.254254252;166:0.0900900885;167:1;168:0.146146148;169:0.0100100096;170:0.00100100099;176:0.00200200197;178:0.00600600615;179:0.00200200197;200:0.00100100099;215:0.00100100099;226:0.00100100099;237:0.00100100099;239:0.00200200197;240:0.00100100099;241:0.00100100099;250:0.00100100099;252:0.00300300308;253:0.00300300308;254:0.00100100099;255:0.00100100099;332:0.00100100099;333:0.00100100099;384:0.00100100099,,New_NPS_example,false
3262,Hydroxyprogesterone acetate,CC(=O)OC1(C(C)=O)CCC2C3CCC4=CC(=O)CCC4(C)C3CCC21C,train,35:0.00100100099;36:0.00100100099;37:0.00100100099;38:0.00200200197;39:0.0710710734;40:0.014014014;41:0.14914915;42:0.0200200193;43:1;44:0.0220220219;45:0.0170170162;50:0.00200200197;51:0.0230230223;52:0.0160160158;53:0.0980980992;54:0.014014014;55:0.136136129;56:0.00700700702;57:0.00900900923;58:0.00200200197;59:0.00300300308;60:0.00300300308;61:0.00100100099;63:0.00800800789;64:0.00600600615;65:0.0890890881;66:0.033033032;67:0.111111112;68:0.0130130127;69:0.0230230223;70:0.00200200197;71:0.00900900923;72:0.00100100099;73:0.00100100099;75:0.00100100099;76:0.00400400395;77:0.247247249;78:0.0730730742;79:0.263263255;80:0.0390390381;81:0.0690690726;82:0.0130130127;83:0.0180180185;84:0.00500500482;85:0.00900900923;86:0.00200200197;88:0.00100100099;89:0.011011011;90:0.00700700702;91:0.401401401;92:0.0660660639;93:0.174174175;94:0.0380380377;95:0.0720720738;96:0.014014014;97:0.0200200193;98:0.00400400395;99:0.0100100096;100:0.00100100099;101:0.00100100099;102:0.00700700702;103:0.0450450443;104:0.0230230223;105:0.212212205;106:0.0550550558;107:0.132132128;108:0.0320320316;109:0.058058057;110:0.011011011;111:0.0150150154;112:0.00300300308;113:0.011011011;114:0.00400400395;115:0.0810810775;116:0.0300300308;117:0.0860860869;118:0.0220220219;119:0.0990990996;120:0.0390390381;121:0.122122124;122:0.0670670643;123:0.0650650635;124:0.155155152;125:0.0180180185;126:0.00300300308;127:0.058058057;128:0.058058057;129:0.0670670643;130:0.0240240246;131:0.0980980992;132:0.0230230223;133:0.111111112;134:0.1011011;135:0.146146148;136:0.0510510504;137:0.05005005;138:0.00800800789;139:0.00300300308;140:0.00100100099;141:0.0340340324;142:0.0220220219;143:0.0570570566;144:0.0190190189;145:0.127127126;146:0.033033032;147:0.140140146;148:0.0350350365;149:0.0380380377;150:0.0120120123;151:0.00300300308;152:0.011011011;153:0.0130130127;154:0.0100100096;155:0.033033032;156:0.0130130127;157:0.0380380377;158:0.011011011;159:0.0480480492;160:0.0190190189;161:0.0520520508;162:0.014014014;163:0.0220220219;164:0.00500500482;165:0.014014014;166:0.00500500482;167:0.011011011;168:0.00600600615;169:0.0240240246;170:0.00800800789;171:0.0360360369;172:0.011011011;173:0.0590590574;174:0.0170170162;175:0.0490490496;176:0.0210210215;177:0.0120120123;178:0.00600600615;179:0.00500500482;180:0.00200200197;181:0.0100100096;182:0.00300300308;183:0.0160160158;184:0.00900900923;185:0.0190190189;186:0.00800800789;187:0.0200200193;188:0.014014014;189:0.0790790766;190:0.014014014;191:0.00800800789;193:0.00400400395;194:0.00100100099;195:0.0120120123;196:0.00500500482;197:0.011011011;198:0.00500500482;199:0.0150150154;200:0.00600600615;201:0.014014014;202:0.00900900923;203:0.00400400395;204:0.00200200197;205:0.00200200197;209:0.00900900923;210:0.00400400395;211:0.0130130127;212:0.00500500482;213:0.0150150154;214:0.00800800789;215:0.00700700702;216:0.00200200197;217:0.00100100099;218:0.00100100099;219:0.00200200197;221:0.00100100099;223:0.00700700702;224:0.00200200197;225:0.00800800789;226:0.00300300308;227:0.0860860869;228:0.0180180185;229:0.00400400395;231:0.00100100099;232:0.00100100099;233:0.00200200197;235:0.00400400395;236:0.00300300308;237:0.0120120123;238:0.00200200197;239:0.0100100096;240:0.00300300308;241:0.00800800789;242:0.00400400395;247:0.00100100099;248:0.00100100099;250:0.00100100099;251:0.0310310312;252:0.00700700702;253:0.00500500482;254:0.00300300308;255:0.0260260254;256:0.00600600615;257:0.00100100099;261:0.00400400395;262:0.00100100099;264:0.00100100099;265:0.00100100099;266:0.00100100099;267:0.00200200197;268:0.00300300308;269:0.230230227;270:0.0690690726;271:0.0100100096;272:0.00100100099;275:0.00100100099;279:0.0220220219;280:0.00500500482;283:0.00100100099;284:0.00200200197;286:0.00100100099;294:0.00300300308;295:0.00200200197;297:0.0790790766;298:0.0170170162;299:0.00300300308;300:0.00100100099;302:0.00100100099;310:0.00200200197;311:0.00200200197;312:0.178178176;313:0.0450450443;314:0.00600600615;316:0.00100100099;324:0.00100100099;328:0.00100100099;335:0.00100100099;338:0.00100100099;340:0.00100100099;361:0.00100100099;373:0.00100100099;375:0.00100100099;391:0.00100100099;398:0.00100100099;424:0.00100100099;464:0.00100100099;471:0.00100100099;487:0.00100100099,,New_NPS_example,false
3265,N-Methyl U-47931E,CN(C)C1CCCCC1N(C)C(=O)c1ccc(Br)cc1,train,38:0.00100100099;39:0.0120120123;40:0.00200200197;41:0.0290290285;42:0.146146148;43:0.0260260254;44:0.0720720738;45:0.0150150154;46:0.0100100096;49:0.00100100099;50:0.0170170162;51:0.00800800789;52:0.00200200197;53:0.011011011;54:0.0130130127;55:0.0350350365;56:0.0690690726;57:0.014014014;58:0.192192197;59:0.00700700702;62:0.00100100099;63:0.00200200197;64:0.00100100099;65:0.00500500482;66:0.00300300308;67:0.0180180185;68:0.0310310312;69:0.011011011;70:0.0570570566;71:0.185185179;72:0.0150150154;74:0.00400400395;75:0.0350350365;76:0.0540540554;77:0.0230230223;78:0.00200200197;79:0.0370370373;80:0.0100100096;81:0.033033032;82:0.0680680647;83:0.0230230223;84:1;85:0.0710710734;86:0.00400400395;89:0.00200200197;90:0.00200200197;91:0.00300300308;92:0.00100100099;93:0.00400400395;94:0.0130130127;95:0.0130130127;96:0.0300300308;97:0.0550550558;98:0.0560560562;99:0.0130130127;100:0.00200200197;101:0.00100100099;102:0.00200200197;103:0.00100100099;104:0.0170170162;105:0.0160160158;106:0.00200200197;107:0.00100100099;108:0.0100100096;109:0.00800800789;110:0.148148149;111:0.0180180185;112:0.05005005;113:0.00700700702;114:0.00200200197;116:0.00100100099;117:0.00200200197;118:0.00200200197;120:0.00100100099;121:0.00100100099;122:0.00600600615;123:0.00400400395;124:0.156156152;125:0.897897899;126:0.0890890881;127:0.00600600615;128:0.00100100099;129:0.00100100099;130:0.00100100099;131:0.00100100099;137:0.00100100099;138:0.00100100099;139:0.00300300308;140:0.00100100099;141:0.00100100099;144:0.00100100099;145:0.00100100099;146:0.00100100099;151:0.00100100099;153:0.00800800789;154:0.00200200197;155:0.0760760754;156:0.00600600615;157:0.0570570566;158:0.00400400395;159:0.00100100099;160:0.00100100099;169:0.00500500482;170:0.00100100099;171:0.00200200197;172:0.00100100099;174:0.00100100099;182:0.00100100099;183:0.0570570566;184:0.00500500482;185:0.0540540554;186:0.00500500482;187:0.00100100099;196:0.00500500482;197:0.00100100099;198:0.00600600615;199:0.00200200197;200:0.00100100099;202:0.00100100099;212:0.00100100099;213:0.00100100099;214:0.00400400395;215:0.00100100099;216:0.00200200197;224:0.00100100099;226:0.00500500482;227:0.00200200197;228:0.00400400395;229:0.00100100099;237:0.00100100099;238:0.00100100099;240:0.00100100099;242:0.00100100099;252:0.00100100099;264:0.00100100099;266:0.00100100099;268:0.00100100099;276:0.00100100099;277:0.00100100099;278:0.00100100099;280:0.00100100099;292:0.00200200197;293:0.00100100099;294:0.00400400395;295:0.00100100099;296:0.00300300308;297:0.00100100099;305:0.00100100099;307:0.00100100099;320:0.00200200197;321:0.00100100099;322:0.00200200197;323:0.00100100099;337:0.00500500482;338:0.00300300308;339:0.00600600615;340:0.00200200197,,New_NPS_example,false
3270,N-Methylnorfentanyl,CCC(=O)N(c1ccccc1)C1CCN(C)CC1,train,35:0.00100100099;37:0.00100100099;38:0.00100100099;39:0.0270270277;40:0.00300300308;41:0.0310310312;42:0.230230227;43:0.146146148;44:0.175175175;45:0.00700700702;46:0.00100100099;47:0.00100100099;50:0.00500500482;51:0.0310310312;52:0.00800800789;53:0.0200200193;54:0.0220220219;55:0.152152151;56:0.0380380377;57:0.0880880877;58:0.0850850865;59:0.00400400395;62:0.00100100099;63:0.00400400395;64:0.00500500482;65:0.0180180185;66:0.011011011;67:0.0170170162;68:0.0520520508;69:0.0290290285;70:0.436436445;71:0.114114113;72:0.00900900923;74:0.00300300308;76:0.00400400395;77:0.115115114;78:0.0200200193;79:0.0210210215;80:0.014014014;81:0.0210210215;82:0.445445448;83:0.0340340324;84:0.00900900923;85:0.00300300308;86:0.00200200197;89:0.00200200197;90:0.00400400395;91:0.0360360369;92:0.0120120123;93:0.0630630627;94:0.0790790766;95:0.025025025;96:1;97:0.703703701;98:0.272272259;99:0.0210210215;100:0.00200200197;102:0.00100100099;103:0.00600600615;104:0.0360360369;105:0.0130130127;106:0.0160160158;107:0.00300300308;108:0.00100100099;109:0.00100100099;110:0.00100100099;111:0.00200200197;112:0.00300300308;113:0.00200200197;115:0.00400400395;116:0.00500500482;117:0.0240240246;118:0.0770770758;119:0.0280280281;120:0.0410410427;121:0.00500500482;122:0.00100100099;123:0.00100100099;127:0.00100100099;128:0.00200200197;129:0.00300300308;130:0.0300300308;131:0.0160160158;132:0.0870870873;133:0.0230230223;134:0.00800800789;139:0.00700700702;140:0.00300300308;141:0.0280280281;142:0.0100100096;143:0.00400400395;144:0.0130130127;145:0.00700700702;146:0.142142147;147:0.0170170162;148:0.00500500482;149:0.0130130127;150:0.0180180185;151:0.00200200197;155:0.0160160158;156:0.00200200197;157:0.00200200197;158:0.0160160158;159:0.00600600615;160:0.00700700702;161:0.00900900923;162:0.00100100099;169:0.00100100099;170:0.00300300308;171:0.00200200197;172:0.0210210215;173:0.132132128;174:0.0260260254;175:0.00300300308;176:0.00100100099;182:0.00100100099;183:0.00100100099;184:0.00100100099;185:0.00200200197;186:0.00100100099;187:0.00300300308;188:0.00400400395;189:0.531531513;190:0.075075075;191:0.00200200197;194:0.00100100099;196:0.00100100099;198:0.00100100099;202:0.00100100099;203:0.00100100099;215:0.00100100099;217:0.0100100096;218:0.00300300308;219:0.00100100099;222:0.00100100099;228:0.00100100099;231:0.00100100099;234:0.00100100099;244:0.00100100099;245:0.00200200197;246:0.0360360369;247:0.00700700702;248:0.00100100099;258:0.00100100099;259:0.00100100099;271:0.00100100099;320:0.00100100099;321:0.00100100099;333:0.00100100099;359:0.00100100099;371:0.00100100099;384:0.00100100099;394:0.00100100099;396:0.00100100099;408:0.00100100099;410:0.00100100099;420:0.00100100099;445:0.00100100099;446:0.00100100099;447:0.00100100099;459:0.00100100099;470:0.00100100099;483:0.00100100099;484:0.00100100099;495:0.00100100099;497:0.00100100099,,New_NPS_example,false
3271,1V-LSD,CCCCC(=O)n1cc2c3c(cccc31)C1=CC(C(=O)N(CC)CC)CN(C)C1C2,train,38:0.00200200197;39:0.0210210215;40:0.00800800789;41:0.257257253;42:0.16316317;43:0.033033032;44:0.245245248;45:0.00700700702;46:0.00500500482;50:0.00100100099;51:0.00200200197;52:0.00200200197;53:0.00600600615;54:0.00700700702;55:0.0830830857;56:0.0320320316;57:0.353353351;58:0.070070073;59:0.00200200197;63:0.00100100099;65:0.00200200197;66:0.00200200197;67:0.00200200197;68:0.0120120123;69:0.00400400395;70:0.0170170162;71:0.00600600615;72:0.912912905;73:0.0990990996;74:0.0840840861;75:0.00900900923;76:0.00900900923;77:0.00600600615;78:0.00200200197;80:0.00100100099;81:0.00100100099;82:0.00500500482;83:0.00700700702;84:0.0160160158;85:0.0780780762;86:0.0170170162;87:0.00100100099;88:0.00100100099;89:0.00300300308;90:0.00400400395;92:0.00100100099;93:0.00100100099;94:0.0120120123;95:0.00200200197;96:0.00500500482;97:0.00400400395;98:0.00400400395;99:0.00100100099;100:0.242242247;101:0.0190190189;102:0.011011011;103:0.00500500482;104:0.00300300308;107:0.00100100099;108:0.00100100099;109:0.00100100099;110:0.00800800789;111:0.0150150154;112:0.00600600615;113:0.00400400395;114:0.00400400395;115:0.0150150154;116:0.00300300308;117:0.00500500482;118:0.00200200197;119:0.00100100099;120:0.00100100099;122:0.00100100099;123:0.00100100099;124:0.00300300308;125:0.00700700702;126:0.0210210215;127:0.0380380377;128:0.278278291;129:0.0270270277;130:0.00800800789;131:0.00400400395;132:0.00200200197;133:0.00100100099;135:0.00500500482;137:0.00100100099;138:0.00300300308;139:0.0180180185;140:0.0200200193;141:0.00800800789;142:0.00800800789;143:0.00300300308;144:0.00400400395;145:0.00200200197;146:0.00100100099;147:0.0150150154;148:0.00300300308;149:0.00400400395;150:0.0160160158;151:0.0880880877;152:0.123123124;153:0.0880880877;154:0.145145148;155:0.033033032;156:0.00700700702;157:0.00100100099;158:0.00100100099;161:0.00100100099;162:0.00300300308;163:0.00700700702;164:0.0230230223;165:0.0390390381;166:0.0430430435;167:0.181181177;168:0.05005005;169:0.00900900923;170:0.00100100099;175:0.00100100099;176:0.00500500482;177:0.0150150154;178:0.112112112;179:0.104104102;180:0.202202201;181:0.568568587;182:0.110110112;183:0.0210210215;184:0.00200200197;189:0.00200200197;190:0.0210210215;191:0.0740740746;192:0.153153151;193:0.0900900885;194:0.0740740746;195:0.108108111;196:0.214214221;197:0.0360360369;198:0.00300300308;200:0.00100100099;202:0.00100100099;203:0.00500500482;204:0.0100100096;205:0.184184179;206:0.16316317;207:0.543543518;208:0.195195198;209:0.0490490496;210:0.00800800789;211:0.00100100099;215:0.00100100099;216:0.00100100099;217:0.00300300308;218:0.00800800789;219:0.0730730742;220:0.15115115;221:0.687687695;222:0.363363355;223:0.232232228;224:0.0390390381;225:0.00400400395;230:0.00200200197;231:0.00200200197;232:0.00200200197;233:0.00800800789;234:0.00800800789;235:0.0130130127;236:0.00500500482;237:0.00500500482;238:0.00200200197;239:0.00100100099;240:0.00100100099;241:0.00100100099;243:0.00100100099;244:0.00100100099;245:0.00200200197;246:0.00300300308;247:0.00600600615;248:0.00600600615;249:0.0490490496;250:0.0180180185;251:0.0240240246;252:0.00700700702;253:0.00300300308;254:0.00100100099;257:0.00100100099;258:0.00100100099;259:0.00100100099;260:0.00100100099;261:0.00300300308;262:0.00700700702;263:0.00900900923;264:0.00800800789;265:0.160160154;266:0.0340340324;267:0.00900900923;268:0.00100100099;269:0.00100100099;270:0.00100100099;273:0.00200200197;274:0.00100100099;275:0.00600600615;276:0.00500500482;277:0.00800800789;278:0.00600600615;279:0.0510510504;280:0.123123124;281:0.0320320316;282:0.00500500482;283:0.00100100099;286:0.00100100099;287:0.00100100099;288:0.00100100099;289:0.00500500482;290:0.00600600615;291:0.0280280281;292:0.0180180185;293:0.0100100096;294:0.00500500482;295:0.00200200197;297:0.00100100099;303:0.00400400395;304:0.00600600615;305:0.529529512;306:0.27527529;307:0.177177176;308:0.0400400385;309:0.00400400395;310:0.00100100099;313:0.00100100099;318:0.00100100099;319:0.00200200197;320:0.00200200197;321:0.00200200197;322:0.0860860869;323:0.0590590574;324:0.0100100096;325:0.00100100099;327:0.00200200197;328:0.00200200197;329:0.00100100099;331:0.00100100099;332:0.00100100099;333:0.00300300308;334:0.00300300308;335:0.00400400395;336:0.00400400395;337:0.00100100099;341:0.00600600615;342:0.00200200197;343:0.00200200197;344:0.00100100099;346:0.00100100099;347:0.00100100099;349:0.0120120123;350:0.00300300308;353:0.00100100099;355:0.00300300308;356:0.00200200197;357:0.00200200197;358:0.00100100099;362:0.00200200197;363:0.00800800789;364:0.0800800771;365:0.0220220219;366:0.00300300308;367:0.00100100099;369:0.00100100099;376:0.00100100099;377:0.00200200197;378:0.00900900923;379:0.00300300308;387:0.00100100099;389:0.00200200197;390:0.00100100099;391:0.00300300308;392:0.00500500482;393:0.00200200197;402:0.00100100099;403:0.00100100099;404:0.00100100099;405:0.00700700702;406:0.00700700702;407:1;408:0.272272259;409:0.0450450443;410:0.00500500482;415:0.00500500482;416:0.00100100099;417:0.00100100099;418:0.00100100099;429:0.00200200197;430:0.00100100099;464:0.00100100099;475:0.00300300308;476:0.00100100099;489:0.00200200197;490:0.00200200197;491:0.00100100099,,New_NPS_example,false
3273,3-FEA,CCNC(C)Cc1cccc(F)c1,val,38:0.00100100099;39:0.014014014;40:0.00200200197;41:0.0170170162;42:0.0430430435;43:0.00800800789;44:0.308308303;45:0.00800800789;50:0.00300300308;51:0.00500500482;52:0.00100100099;53:0.00100100099;54:0.00200200197;55:0.00100100099;56:0.033033032;57:0.014014014;58:0.00200200197;59:0.00400400395;62:0.00200200197;63:0.00800800789;64:0.00100100099;65:0.00200200197;68:0.00200200197;69:0.00200200197;70:0.0310310312;71:0.00600600615;72:1;73:0.0480480492;74:0.00300300308;75:0.00900900923;76:0.00100100099;77:0.00400400395;78:0.00100100099;81:0.00300300308;82:0.00100100099;83:0.0430430435;84:0.00300300308;86:0.00100100099;87:0.00100100099;89:0.00700700702;90:0.00100100099;91:0.00600600615;92:0.00100100099;94:0.00100100099;95:0.00400400395;96:0.00700700702;97:0.00200200197;100:0.00100100099;101:0.0100100096;102:0.00200200197;103:0.00300300308;104:0.00100100099;107:0.00900900923;108:0.00400400395;109:0.122122124;110:0.0120120123;111:0.00200200197;115:0.0120120123;116:0.00200200197;117:0.00300300308;118:0.00800800789;119:0.00100100099;120:0.00200200197;121:0.00500500482;122:0.00400400395;123:0.00400400395;124:0.00100100099;130:0.00100100099;132:0.00100100099;133:0.011011011;134:0.00300300308;135:0.0150150154;136:0.00800800789;137:0.0100100096;138:0.00600600615;139:0.00100100099;146:0.00100100099;148:0.00200200197;149:0.00100100099;150:0.00300300308;151:0.00100100099;152:0.00200200197;162:0.00100100099;164:0.00200200197;165:0.00100100099;166:0.0190190189;167:0.00200200197;178:0.00100100099;180:0.00600600615;181:0.00100100099,,New_NPS_example,false
